influencer_id,influencer,email,subject,email_message,dm,collab_angle,message_status,approved
UCbsMhklagG8MLwtstYnqssA,ASMR Taposhi ,Not Found,ASMR Hindi Makeup Collaboration,"Hi ASMR Taposhi,

I love your recent ""ASMR Hindi Makeup Artist 💄 Soft Spoken Makeup Roleplay""—the soothing vibe aligns perfectly with our brand, YOUR_BRAND, and our product, YOUR_PRODUCT. We’d like to collaborate on user‑generated content: you receive free products and a paid partnership for a single video. Let me know if you’re interested and we can discuss the details.

Best,
[Your Name]","Hey Taposhi! Loved your ASMR Hindi Makeup video—would love to send you some YOUR_PRODUCT for a quick review. No pressure, just a fun collab idea!",user-generated content,PENDING_APPROVAL,False
UCr2UwNrDH1rqeUHltq_fCOA,Urvashi Singh,itsmeurvashi.work@gmail.com,Collab on Your Skincare Routine,"Hi Urvashi,
I loved your recent video ""Beauty Maintenance Routine🧖🏼‍♀️ hair transformation, everything shower, pedicure, waxing, facial"" and think YOUR_BRAND’s YOUR_PRODUCT would resonate with your audience. We’d love to provide free products and a paid partnership for user‑generated content that highlights the benefits of our formula in a natural, authentic way. Let me know if you’re interested in collaborating!
Best,
[Your Name]","Hey Urvashi! Loved your ""Beauty Maintenance Routine"" video—let’s team up on YOUR_PRODUCT. Free samples and a paid spot?",user-generated content,PENDING_APPROVAL,False
UC5v4flMlRtXBRyyQVHBU7Gg,Himi Khandelwal,Not Found,Explore Budget Skincare Together,"Hi Himi,
I’ve been following your recent video on ""6 Budget Products That Beat Expensive Ones"" and love how you empower viewers with smart beauty choices. At YOUR_BRAND, we’d love to collaborate on a user‑generated content series featuring YOUR_PRODUCT. You’ll receive free samples and a paid partnership to showcase the product’s value in your skincare routine. Let’s create something authentic and helpful for your audience. Looking forward to hearing from you!","Hey Himi, loved your take on budget skincare. Would love to send you YOUR_PRODUCT for a quick review—no pressure, just share your thoughts!",user-generated content,PENDING_APPROVAL,False
UC4CQZRaMK59EbY0UH6LawZw,Kum Kum Parashar,Not Found,Skincare Collab Opportunity,"Hi Kum Kum,

I love your recent video “Adding This To My Skincare Routine✨” and think YOUR_BRAND’s YOUR_PRODUCT would resonate perfectly with your skincare audience. We’re looking for creators to produce user‑generated content featuring our product. You’ll receive free samples and a paid partnership for the content you create. If this sounds interesting, let’s chat about how we can collaborate.

Best,
[Your Name]","Hey Kum Kum! Loved your skincare routine video. Would love to send you our product for a quick review—no pressure, just a fun collaboration!",user-generated content,PENDING_APPROVAL,False
UCoQ1-dbMyM3uBceeO8O94Pg,Sreeja Shrestha,Not Found,Try Our New Skincare Line,"Hi Sreeja,

I loved your recent video “Best Azelaic Acid serums” and your focus on clean, effective skincare. Your audience’s interest in beauty and hair aligns perfectly with our new product, YOUR_PRODUCT. We’d like to offer you free samples and a paid partnership to create authentic, user‑generated content that showcases how the product fits into daily routines. If you’re interested, let’s discuss the details.

Best,
Your Brand Team",Hey Sreeja! Loved your “Best Azelaic Acid serums” vid—our new line could be a great fit. Want to chat about a collab?,user-generated content,PENDING_APPROVAL,False
UCY5iHy7kx5_ZfIX8JxEP3dQ,Aanyaa,aanyaaa1111@gmail.com,Skincare Collab Opportunity,"Hi Aanyaa,

I’ve been following your recent video on ""skincare ingredients to add into your skincare routine"" and love how you break down products for your audience. I’m reaching out from YOUR_BRAND to explore a user‑generated content partnership featuring YOUR_PRODUCT. We’d provide free products and a paid collaboration that fits your skincare and beauty niche. If you’re interested, let’s chat about the next steps.

Best,
[Your Name]","Hey Aanyaa, love your skincare video! I’d love to send you YOUR_PRODUCT for a quick review—no pressure, just a fun collab. Let me know!",user-generated content,PENDING_APPROVAL,False
UCLorLMiAP17npnl3Q-yUwNg,Apoorwa Vaish,apoorwavaish4@gmail.com,Let’s Partner on a Skincare & Lip Combo,"Hi Apoorwa, I loved your recent ""My Current Favourite Lip Combo"" short and your overall focus on skincare, beauty, and style. We’re excited to offer you a free sample of YOUR_PRODUCT and a paid content partnership. This affiliate collaboration could give your viewers a fresh, high‑quality product to try while earning you a commission. Let’s chat about how we can make this a win for both of us.","Hey Apoorwa, love your lip combo video! Would love to send you YOUR_PRODUCT for a quick review—no pressure, just a fun collab. Let me know!",affiliate partnership,PENDING_APPROVAL,False
UCadAOVmsG4wJwcaxRylBFUg,Sneha Raj Kaushik,sneharajkaushik822@gmail.com,Explore Swiss Beauty with Sneha,"Hi Sneha,

I love your recent Swiss Beauty Lip Liners swatch video – it’s exactly the kind of engaging skincare & makeup content our audience loves. We’d like to partner with you through an affiliate collaboration, offering free YOUR_PRODUCT and a paid content partnership. It’s a win‑win: you get top products, and we help boost your channel’s reach. Let me know if you’re interested in chatting more.

Best,
YOUR_BRAND","Hey Sneha, love your Swiss Beauty Lip swatch! Would love to send you some YOUR_PRODUCT for a quick review. Let me know what you think!",affiliate partnership,PENDING_APPROVAL,False
UCQgD8Z-unwqQwR5e4ru9G2A,Parul Priya,Not Found,Collaborate on Your Sunscreen Review,"Hi Parul,
I loved your recent video ""Sunscreen for Oily Skin (No breakouts)"" and think YOUR_BRAND’s YOUR_PRODUCT would resonate with your skincare audience. We’d love to offer you free products and a paid content partnership as part of an affiliate collaboration. If you’re interested, let’s chat about the details and how we can support your creative vision.
Thanks for considering!","Hey Parul, I loved your sunscreen review! Would love to send you a free YOUR_PRODUCT for a quick collab. Let me know!",affiliate partnership,PENDING_APPROVAL,False
UCIpsz9iCFm_TEZ1dG6QJNVA,Tejuu vlogs,Not Found,Partner with YOUR_BRAND,"Hi Tejuu,

I loved your ""Beauty & Shopping Vlog"" and the way you weave skincare into everyday routines. Your audience of beauty and lifestyle enthusiasts would resonate with our product, YOUR_PRODUCT. We’d love to offer you free items and a paid content partnership as an affiliate. Let’s chat about how we can collaborate to create authentic, engaging content for your channel.

Best,
[Your Name]","Hey Tejuu! Loved your ""Beauty & Shopping Vlog""—your skincare routine is spot-on. Would love to send you some YOUR_PRODUCT to try out. Let me know!",affiliate partnership,PENDING_APPROVAL,False
UCnvCHWv2FAokyadrUunCkpQ,Ishika Garg,Not Found,Boost Your Glow with Free Products,"Hi Ishika,

I loved your recent video “Brutally reviewing vitamin c shot for pigmentation” and the way you connect skincare with bridal glow. Your audience would resonate with our free products and paid content partnership. We’d love to send you a kit and collaborate on a branded segment that showcases how our items elevate your routine.

Let me know if you’re interested – excited to explore this together!

Best, YOUR_BRAND",Hey Ishika! Loved your “Brutally reviewing vitamin c shot” vid. We’d love to send you free products for a fun collab. What do you think?,affiliate partnership,PENDING_APPROVAL,False
UCuk47vSxLzPn8GgQpiiz2-w,Mansi Gulati - Face Yoga Expert,Not Found,Partner with YOUR_BRAND,"Hi Mansi,

I’ve loved your recent video “1 MINUTE FACE MASSAGE EVERY DAY ✨” and your focus on natural skincare. Your audience of beauty enthusiasts would resonate with our product, YOUR_PRODUCT. We’re offering an affiliate partnership that includes free products and a paid content collaboration. If this sounds interesting, let’s discuss how we can align our brands.

Best,
[Your Name]",Hey Mansi! Loved your “1 MINUTE FACE MASSAGE EVERY DAY” video—thought our product could fit right in. Want to chat about a quick collab?,affiliate partnership,PENDING_APPROVAL,False
UClB1ODW_aiHyUNQtgoriTHA,Indian Skin Blog ,Not Found,Collab on Your Skincare Routine,"Hi Indian Skin Blog,
We’ve watched your recent video “dopamine skincare: my daily habits for healthy, glowing skin” and love how you break down skincare rituals for your audience. Your focus on authentic, science‑backed tips aligns perfectly with our brand’s mission. We’d like to offer you a free set of YOUR_PRODUCT and a paid content partnership to showcase it in your next skincare tutorial. Let’s chat about the details when you’re free.
Thanks,
Your Brand Team","Hey, love your “dopamine skincare” video! We’d love to send you YOUR_PRODUCT for a quick review—no hard sell, just a friendly collab. Let me know!",affiliate partnership,PENDING_APPROVAL,False
UCKqXy7_LsImmS-uJSI8jOKw,SONALI ADHIKARI,Not Found,Partner with Your Brand,"Hi Sonali,

I loved your recent video ""My Night Skincare Routine"" and how you highlight glow‑enhancing products. Your audience loves clean, effective skincare—exactly the fit for YOUR_BRAND’s YOUR_PRODUCT. We’d love to offer you free products and a paid content partnership as part of an affiliate collaboration. Let’s chat about how we can make this a win for both of us.

Best,
[Your Name]","Hey Sonali! Loved your ""My Night Skincare Routine"" video—love the glow tips! Would love to explore a collab with YOUR_BRAND’s YOUR_PRODUCT. Let me know!",affiliate partnership,PENDING_APPROVAL,False
UCI-Mc5a09NOHcn_HrTp3n3g,Himanshi's World! ,himanshipoonia041@gmail.com,Partner with Himanshi’s World!,"Hi Himanshi’s World!,

I’m reaching out from YOUR_BRAND about a potential affiliate partnership featuring YOUR_PRODUCT. Your recent ""After School Routine *Exam Edition"" video aligns perfectly with our audience of students and skincare enthusiasts. We’d love to send you free products and collaborate on a paid content partnership to showcase how YOUR_PRODUCT fits into your daily routine. Let’s chat about how we can make this partnership a success for both of us.

Best,
[Your Name]","Hey Himanshi! Loved your ""After School Routine *Exam Edition"". Would love to send you free YOUR_PRODUCT for a quick review?",affiliate partnership,PENDING_APPROVAL,False
UClHOeDiKdXglOXvjEny0pTg,Anahata Organic ,Not Found,Elevate Your Rituals,"Hi Anahata Organic,
I love your recent video “Indian beauty rituals for the win🥰” and how you showcase natural skincare. Your audience would resonate with our YOUR_PRODUCT, which aligns with your focus on authentic, Ayurvedic beauty. We’d like to offer you free products and a paid content partnership through an affiliate program. If this sounds interesting, let’s chat about the details!
Thanks for considering,",Hey Anahata! Loved your “Indian beauty rituals” vid—your vibe fits our product perfectly. Let’s collab?,affiliate partnership,PENDING_APPROVAL,False
UC7UgT9rWvr8W2fYd0rYrLNw,Indian Vlogger Poulami,poulamimodak6@gmail.com,Explore Your Latest Beauty Haul,"Hey Poulami,

I loved your recent “আজকে মেয়েদের পছন্দের কিছু Beauty product shopping haul share করলাম ❤️” and how you weave skincare and fashion into one story. Your audience would resonate with our YOUR_PRODUCT. We’d love to offer you free products and a paid content partnership. Let’s chat about an affiliate collaboration that feels natural to your style.

Best,
YOUR_BRAND",Hey Poulami! Loved your beauty haul video—let’s team up with free YOUR_PRODUCT and a paid collab?,affiliate partnership,PENDING_APPROVAL,False
UCwWSMrbVeF6KevmQdTIfkXQ,Sivayazhini Thangavel,sivayazhini@bluboxtalents.com,Skincare Collab Opportunity,"Hi Sivayazhini,

I loved your recent video ""Skincare after a long time & it turned out 2 b- CHEF’s KISS"" – the way you showcase skincare routines really resonates with YOUR_BRAND’s audience. We’d love to partner on a paid placement, offering you free YOUR_PRODUCT samples and a content collaboration that highlights the glow‑boosting benefits. If this sounds good, let’s chat about the details!

Best,
[Your Name]","Hey Sivayazhini! Loved your ""Skincare after a long time"" vid – would love to collaborate on a quick post with YOUR_PRODUCT. Let me know if you’re interested!",paid placement,PENDING_APPROVAL,False
UCGQybUs7AFZCC2AFTV02RiQ,Neelam Kothari,neelam.kothari@qyuki.com,Collab Invite: Mussoorie Vibes,"Hi Neelam,

I loved your recent video “Come With Me To Mussoorie! Digital Detox With Seema, Massages & 100% Relaxation At Six Senses Vana!” Your fashion‑style content aligns perfectly with our brand’s aesthetic. We’d like to offer you a paid placement partnership, providing free products in exchange for a featured YouTube segment. Let me know if you’re interested and we can discuss details.

Best,
Your Brand",Hey Neelam! Loved your Mussoorie detox video—perfect vibe for our brand. Would love to team up for a paid spot. Thoughts?,paid placement,PENDING_APPROVAL,False
UCFEMAcAPYaZiow2nbvoaP7g,Makeup & Skincare Lab,Not Found,Coffee Date Collab,"Hi Makeup & Skincare Lab,

I love your recent ""GRWM for a Coffee Date ☕💕 | Simple & Cute Look"" video – it’s a perfect match for our audience who loves effortless beauty. We’d like to offer you an affiliate partnership with free YOUR_PRODUCT and a paid content collaboration. If this sounds interesting, let’s chat about the details!

Thanks for considering,
YOUR_BRAND","Hey! Loved your Coffee Date GRWM video – would love to feature YOUR_PRODUCT in a quick review. No pressure, just curious!",affiliate partnership,PENDING_APPROVAL,False
UCyMlZgJMyqq8dZ4KYK0TqUA,Ana Tamang,Not Found,CeraVe Collaboration Opportunity,"Hi Ana,

I’ve enjoyed your recent video “Stop Chasing Squeaky Clean Skin | CeraVe” and love how you blend skincare with everyday lifestyle. Your audience’s interest in clean beauty aligns perfectly with YOUR_BRAND’s new product, YOUR_PRODUCT. We’d like to offer a paid placement that includes free products and a content partnership. Let me know if you’re interested in collaborating—happy to discuss details!

Best,
[Your Name]",Hey Ana! Loved your “Stop Chasing Squeaky Clean Skin” vid—your vibe is spot on for our new line. Want to try it out together?,paid placement,PENDING_APPROVAL,False
UCwVsXc29pRgWegWXiqrJ6KA,Skincare & Beauty with Anay,Not Found,Collab on Dark Neck Serum,"Hi Anay,

I’ve loved your recent video “Best serum for Dark neck treatment and pigmentation removal” and your focus on effective skincare solutions. I’m reaching out from YOUR_BRAND with a paid placement opportunity featuring YOUR_PRODUCT. We’d love to send you free products and collaborate on a short, authentic review that resonates with your audience. Let me know if you’re interested in partnering!

Thanks,
[Your Name]",Hey Anay! Loved your dark neck serum video—would love to send you YOUR_PRODUCT for a quick review. No pressure!,paid placement,PENDING_APPROVAL,False
UC8Ms51aTx1zA0exmu1mR8ng,Sone Kanwar,Not Found,Collab Offer for Your Skincare Series,"Hi Sone, I’ve been following your recent video “Different types of Pigmentation and which serum to use for dark spots, acne marks, melasma #shorts” and love how you break down complex skincare topics for your audience. We think YOUR_PRODUCT would be a great fit for a paid placement in a future episode, and we’d love to send you a free sample set. Let me know if you’re interested and we can discuss details. Cheers!","Hey Sone, love your “Different types of Pigmentation” video—mind if we send you a free YOUR_PRODUCT to try?",paid placement,PENDING_APPROVAL,False
UChQ1w527zgpoX-SVl1VFL0w,Saumya,Not Found,Collab for Your Oily Skin Video,"Hi Saumya,

I’ve seen your recent video “Best combo for oily acne‑prone skin” and love how you break down products for clear, glowing skin. We’d like to seed you with our new line of lightweight, oil‑control moisturizers and discuss a paid content partnership. If you’re interested, let’s chat about how we can support your audience with free samples and a creative collaboration.

Thanks for considering,
The YOUR_BRAND Team","Hey Saumya, love your oily‑skin combo video! We have a new lightweight moisturizer that could be a great fit—would love to send you some for a quick review!",product seeding,PENDING_APPROVAL,False
UCiYc6UhR_5rQ3_Y4tl5mm4A,Bharti Narang,Not Found,Partner with YOUR_BRAND on Skincare,"Hi Bharti,

I’ve enjoyed your recent video on the “Morning routine of a 30 year old” and your focus on skincare, makeup, and beauty. We’d love to partner with you through an affiliate arrangement that offers free YOUR_PRODUCTs and a paid content collaboration. Your audience and content themes align perfectly with our brand’s values.

Let’s discuss how we can create engaging, authentic content together.

Best,
YOUR_BRAND",Hey Bharti! Loved your “Morning routine” video—love the vibe! We’re thinking of a cool affiliate collab with free products + a paid spot. Thoughts?,affiliate partnership,PENDING_APPROVAL,False
UCk9jTMVlPPZ0MyePgW5BzDQ,Harshita Dave,Not Found,Partner on Acne Journey,"Hi Harshita,
We love your recent “Adult acne is so hard to deal with” short and your honest take on skincare challenges. YOUR_BRAND’s new product, YOUR_PRODUCT, aligns perfectly with your audience’s need for effective acne solutions. We’d like to offer you free products and a paid content partnership to showcase how YOUR_PRODUCT can help. Let’s collaborate to give your viewers a real, relatable solution. Looking forward to hearing from you!",Hey Harshita! Loved your acne short—let’s chat about a collab that could help your viewers with a new product.🙂,paid placement,PENDING_APPROVAL,False
