channel_id,title,source_keyword,fetched_at
UC5v4flMlRtXBRyyQVHBU7Gg,Himi Khandelwal,Indian skincare routine,2026-10-01T18:04:38.042012+00:00
UClpPjy_7iXk34LbWFNgG12Q,Pooja,Indian skincare routine,2026-10-01T18:04:38.042012+00:00
UClB1ODW_aiHyUNQtgoriTHA,Indian Skin Blog ,Indian skincare routine,2026-10-01T18:04:38.042012+00:00
UCgmp2st6zPBDfDKXfOIaZZQ,Indian Beauty Solutions ,Indian skincare routine,2026-10-01T18:04:38.042012+00:00
UCihwYSBT8NkVDEDElmpkGgA,The Indian Girl,Indian skincare routine,2026-10-01T18:04:38.042012+00:00
UCj4nEnx8t_HJ5wpL1YPxHaw,Chetali Chadha,Indian skincare routine,2026-10-01T18:04:38.042012+00:00
UCPzUamxy0w2OxwX7aDU9Gjg,INDIA BE-FIIT,Indian skincare routine,2026-10-01T18:04:38.042012+00:00
UCejOQPlrxFx-e48x9fCfODA,Indian SkinCare,Indian skincare routine,2026-10-01T18:04:38.042012+00:00
UClcYchlRF3XUbkxL0u1GCvQ,Nipun Kapur ,Indian skincare routine,2026-10-01T18:04:38.042012+00:00
UCtLpPnn0bg52IPFhzMwkvBw,RABIA SKINCARE 2.0,Indian skincare routine,2026-10-01T18:04:38.042012+00:00
UCWNo3RECWv-1askkneKe2gQ,Indian Beauty Vlogger,Indian skincare routine,2026-10-01T18:04:38.042012+00:00
UCAFU6ek5Tbz0RoGoAaG6KCQ,House Of Beauty India®,Indian skincare routine,2026-10-01T18:04:38.042012+00:00
UCk8U-j3BoWWd9cny2YNe4jg,Helloshreee,Indian skincare routine,2026-10-01T18:04:38.042012+00:00
UCfGCPkRVQ96abMaDyjN-YSg,Samapti Banerjee,Indian skincare routine,2026-10-01T18:04:38.042012+00:00
UCQ1X6NuAr9mxbxLUEHw3-OA,Skincare routine,Indian skincare routine,2026-10-01T18:04:38.042012+00:00
UCDYcHTeaMptE9a7BAPFdveQ,Bioderma India,Indian skincare routine,2026-10-01T18:04:38.042012+00:00
UC2QBCIyo_FbTlm0Rfh_6wkw,INDIANGIRL BEAUTY BLOGGER TRISHA,Indian skincare routine,2026-10-01T18:04:38.042012+00:00
UCTIC3sdzVDRrvsBRV2sBKLw,Alite Skincare | Acne Care Backed by Science,Indian skincare routine,2026-10-01T18:04:38.042012+00:00
UCRm2WF_5-xf4IDjO8M_Yg4Q,Scientific Skincare For Indian Skin,Indian skincare routine,2026-10-01T18:04:38.042012+00:00
UCGaflFnSwaoKjRb5_dZyTxA,Skin & Shine by Nehhaaa,Indian skincare routine,2026-10-01T18:04:38.042012+00:00
UCvtuynOD5XCGTylSocjIMDQ,All about skincare,Indian skincare routine,2026-10-01T18:04:38.042012+00:00
UCPpjp_MTSIOaIgSh7FGFNUA,Daily skincare routine ,Indian skincare routine,2026-10-01T18:04:38.042012+00:00
UCCsSs59OTx2cGCCKeIqi22Q,Citta World,Indian skincare routine,2026-10-01T18:04:38.042012+00:00
UCO9B0EfgMzyEV8d8Y87eLwQ,Le' Skin India,Indian skincare routine,2026-10-01T18:04:38.042012+00:00
UCr2UwNrDH1rqeUHltq_fCOA,Urvashi Singh,Indian skincare routine,2026-10-01T18:04:38.042012+00:00
UC0iiPDABxXax-0CstSKHEhw,Sneha Sen Indian Beauty Blogger,Indian skincare routine,2026-10-01T18:04:38.042012+00:00
UCH4e-pEtSZMeFpFaduI7y-w,SERENE Skincare,Indian skincare routine,2026-10-01T18:04:38.042012+00:00
UCSWHSSqZQjtx8Az3g1JkutA,Urbanyouth Skincare,Indian skincare routine,2026-10-01T18:04:38.042012+00:00
UCGativVg-XZRJ5ur7xUmC0Q,Herbista,Indian skincare routine,2026-10-01T18:04:38.042012+00:00
UCtGQTdsnR4bJSMq7irTjQPA,Melt Beauty,Indian skincare routine,2026-10-01T18:04:38.042012+00:00
UCSHkwCT2scxrC6U8QUlK3og,Skincare by Bhawna ,Indian skincare routine,2026-10-01T18:04:38.042012+00:00
UCXg05U8HC9qQDcWq2fU7xJQ,Trisha Chatterjee,Indian skincare routine,2026-10-01T18:04:38.042012+00:00
UCQWYmZNj9718kXLr3hk8E0A,Indian Skincare Products ,Indian skincare routine,2026-10-01T18:04:38.042012+00:00
UC4u0qaMIAgOL8L37RwLcDQA,Dr. Vanita Rattan ,Indian skincare routine,2026-10-01T18:04:38.042012+00:00
UCjI-2xJtNQqPpBzRdEiVaLw,Indian Beauty,Indian skincare routine,2026-10-01T18:04:38.042012+00:00
UCNrCtR4w7RMc8JX8dYc03FA,cloudskindiary | budget skincare,Indian skincare routine,2026-10-01T18:04:38.042012+00:00
UCRKHSqoxXbAVjf7uQ-9t3xw,Skincare Notes,Indian skincare routine,2026-10-01T18:04:38.042012+00:00
UCx_QCUL7jjTi9ThRCUzhsug,Macali Skincare and lifestyle,Indian skincare routine,2026-10-01T18:04:38.042012+00:00
UCXuLnEkLb26u-zgj14EvBDQ,Glowing Skin Lover ,Indian skincare routine,2026-10-01T18:04:38.042012+00:00
UCwEzfpBwVc2ft0cTauGEe2A,Janhvi UGC | Skincare & Fashion ,Indian skincare routine,2026-10-01T18:04:38.042012+00:00
UCKfQ5leI69BoFiZ9oKkbS7g,Zinnia Skincare,Indian skincare routine,2026-10-01T18:04:38.042012+00:00
UCH1oQHtduFoUFtOxw9ToK_g,Luxurium Beauty,Indian skincare routine,2026-10-01T18:04:38.042012+00:00
UCLAGbMSwp-v9CyZPM2SW4mA,Varsha Vlogs and Skincare,Indian skincare routine,2026-10-01T18:04:38.042012+00:00
UCc024nptM8Cuz63F4M8w_3w,BEAUTY & SKINCARE,Indian skincare routine,2026-10-01T18:04:38.042012+00:00
UCKRZ7N6ijJwLaOJ-iM6QbMQ,Clinique India,Indian skincare routine,2026-10-01T18:04:38.042012+00:00
UC3Hw8dVAvTw-r3HJwjMmUgA,Lashita Dhingra,Indian skincare routine,2026-10-01T18:04:38.042012+00:00
UCJ574fcgMofaQlN-gvJuS6A,Glowwith_Chandni,Indian skincare routine,2026-10-01T18:04:38.042012+00:00
UCFEMAcAPYaZiow2nbvoaP7g,Makeup & Skincare Lab,Indian skincare routine,2026-10-01T18:04:38.042012+00:00
UCtEqcx74Nd8eJqTtgtE-nRg,Orancia Skincare,Indian skincare routine,2026-10-01T18:04:38.042012+00:00
UCehPaoygORU_qan-b1Z6x0Q,Vellora skincare,Indian skincare routine,2026-10-01T18:04:38.042012+00:00
UCacFVXlPSfO0ukFHcWHHLEQ,Lavish Krish,Indian skincare routine,2026-10-01T18:04:38.394591+00:00
UCHj2_6e0Y2YdzHZDkkLa53Q,Cassandra Bankson,Indian skincare routine,2026-10-01T18:04:38.394591+00:00
UCu7Ld2o0QnLPm4j0gCn7Agw,SHEF,Indian skincare routine,2026-10-01T18:04:38.394591+00:00
UCPypHlzvUhGj6cY8vmApiLg,LitByKirtii,Indian skincare routine,2026-10-01T18:04:38.394591+00:00
UC6ZWkTcNnM1WVlmt0oY5V3w,Rakhi,Indian skincare routine,2026-10-01T18:04:38.394591+00:00
UCA1tlvky_3sWOx5euO04HRA, Beauty Deals | Youthface  Beauty Cream ,Indian skincare routine,2026-10-01T18:04:38.394591+00:00
UCBJI84fwBW9V2OR1QKuwVqA,Urbanglowwithdeep,Indian skincare routine,2026-10-01T18:04:38.394591+00:00
UCdLeEu_FNPjInKnibez76qQ,DeificBeauty,Indian skincare routine,2026-10-01T18:04:38.394591+00:00
UCqrmlOp_GZblO5AocqaJ7VA,Utkarsh Arora,Indian skincare routine,2026-10-01T18:04:38.394591+00:00
UCQ3sS2iwsDhiogEy_DyX7Cw,Vibhasree,Indian skincare routine,2026-10-01T18:04:38.394591+00:00
UCKpJ3hTsClqd3IZnoUQRMDQ,Sarah's Quest,Indian skincare routine,2026-10-01T18:04:38.394591+00:00
UCu8KB6d7vEtOYqj7BM6SM4g,Beauty9,Indian skincare routine,2026-10-01T18:04:38.394591+00:00
UCMTl80jTQwGkO335HoVf0ig,Dr. Aanchal MD,Indian skincare routine,2026-10-01T18:04:38.394591+00:00
UCUKoNEapC6-n78cRGTlXaag,Misty,Indian skincare routine,2026-10-01T18:04:38.394591+00:00
UC1jK0_WY_S7IdgGNNtz8PAQ,skincare.explained♡,Indian skincare routine,2026-10-01T18:04:38.394591+00:00
UCrhJi4SmPgUkNGQM20_aVyA,Shalini Kutti,Indian skincare routine,2026-10-01T18:04:38.394591+00:00
UCL6nVz9-pqt787t-zxJruOA,Tito's Organic – Natural Goat Milk Skincare,Indian skincare routine,2026-10-01T18:04:38.394591+00:00
UCwQsgWZh95zNjBwo6YRi7qA,Cureskin Telugu,Indian skincare routine,2026-10-01T18:04:38.394591+00:00
UCIULN4mc73-L8H7I9ujibKg,Skin Care With Dr. Rahul,Indian skincare routine,2026-10-01T18:04:38.394591+00:00
UCU4XIUx7UDDoGPEz5fp5yAg,Foley Skincare,Indian skincare routine,2026-10-01T18:04:38.394591+00:00
UCjvOLag83i3qzYf8b90xUTQ,GRX,Indian skincare routine,2026-10-01T18:04:38.394591+00:00
UC8Ms51aTx1zA0exmu1mR8ng,Sone Kanwar,Indian skincare routine,2026-10-01T18:04:38.394591+00:00
UC_F2nsT8sFYLmQ_kw7IqUtQ,Indian Skincare Review ,Indian skincare routine,2026-10-01T18:04:38.394591+00:00
UCk1SMiBc-ThSc7qpRjB5nKA,ROA Skincare,Indian skincare routine,2026-10-01T18:04:38.394591+00:00
UCUzRicurQHQmTqXalajlcpg,Nikki | Korean Skincare India ,Indian skincare routine,2026-10-01T18:04:38.394591+00:00
UCkc8ctbOuqgzB4nRNwUmHOA,Skin care with Nikita ,Indian skincare routine,2026-10-01T18:04:38.394591+00:00
UC19U4XCLp_SKBH8SglQIO5w,Beauty Intakes,Indian skincare routine,2026-10-01T18:04:38.394591+00:00
UCMu065Icq6sXqUH20vfk0_Q,Tulsi | The Brown Edit Studio,Indian skincare routine,2026-10-01T18:04:38.394591+00:00
UCYOReErlLcjH1yI2r1PRdgg,Chandana Panchumarthi,Indian skincare routine,2026-10-01T18:04:38.394591+00:00
UCYgB1DMUT-r0HuDdCkZ2jrA,The Soumi's Can Product & Hana Beauty - Hindi,Indian skincare routine,2026-10-01T18:04:38.394591+00:00
UCLyGgsk0QWKkJuBQg7fvfFw,Aabnoos Skincare ,Indian skincare routine,2026-10-01T18:04:38.394591+00:00
UCvoBYKyBDVXrBHH2aF5cLVA,Kriti Sanon,Indian skincare routine,2026-10-01T18:04:38.394591+00:00
UCaj4_-7hhflOheEtyekiWLA,Shameela,Indian skincare routine,2026-10-01T18:04:38.394591+00:00
UCCBuBdim-wAG5yA8Oqh-Xqw,🌷 रूप निखार,Indian skincare routine,2026-10-01T18:04:38.394591+00:00
UCyuWhPjWi4cwT-SVlzk1LWA,Life with Sanjana 🪷,Indian skincare routine,2026-10-01T18:04:38.394591+00:00
UCUsDXqoWUC-lPjCKTrDwxcg,SkinMumma,Indian skincare routine,2026-10-01T18:04:38.394591+00:00
UC9FvLp2PXDtgDxDvv8P3xWQ,Nerah Skin,Indian skincare routine,2026-10-01T18:04:38.394591+00:00
UCyje8vqtasKhQPtjC9RZacg,ORIN Skincare,Indian skincare routine,2026-10-01T18:04:38.784821+00:00
UChzW8Ok-3VLZysoK0rbV43w,SA Salman Khan Official,Indian skincare routine,2026-10-01T18:04:38.784821+00:00
UCDkzQBxDhEnvJFiv5iIOlUw,CHOSEN,Indian skincare routine,2026-10-01T18:04:38.784821+00:00
UCLorLMiAP17npnl3Q-yUwNg,Apoorwa Vaish,Indian skincare routine,2026-10-01T18:04:38.784821+00:00
UC7KbgczQ7dgNv5aE_goli0Q,Pinki Das,Indian skincare routine,2026-10-01T18:04:38.784821+00:00
UCcURDFyCAx7f5bORCflmmOw,Aloe&Me - Skincare Backed by Science,Indian skincare routine,2026-10-01T18:04:38.784821+00:00
UCxMyGZXDOqaqVIcMdElyBfw,Shabeena Beauty,Indian skincare routine,2026-10-01T18:04:38.784821+00:00
UCxJiyg6VYfr-9PNKdN9rUHA,Ningen India,Indian skincare routine,2026-10-01T18:04:38.784821+00:00
UCQc7j7sCxo_tBtZP_J7NL9Q,Skincodes,Indian skincare routine,2026-10-01T18:04:38.784821+00:00
UCJs0e5K2rdxyapcpeKzArNg,Saloni ,Indian skincare routine,2026-10-01T18:04:38.784821+00:00
UCJWxzU3qMq3x4xJzXIq5g3Q,skincare.lifestyle ,Indian skincare routine,2026-10-01T18:04:38.784821+00:00
UCZSjOdfI47rq-WyK1fwTvAg,Glamour World Ayurvedic®,Indian skincare routine,2026-10-01T18:04:38.784821+00:00
UCuQA3bqZip0fmWJgggrlL-g,Minskinn Skincare,Indian skincare routine,2026-10-01T18:04:38.784821+00:00
UCk-PhnT3ikGb5KUU2LePDcw,Review Station by Anto | Skincare & Beauty,Indian skincare routine,2026-10-01T18:04:38.784821+00:00
UCh29s-RNWI6z63670hUv71Q,VOGUE India,Indian skincare routine,2026-10-01T18:04:38.784821+00:00
UCrV7ARP_GEzuTNV5cfNbKrw,Mansi Goswami | Beauty & Skincare,Indian skincare routine,2026-10-01T18:04:38.784821+00:00
UCpsDiPf4vBrBy9ffIXigBIA,Skincare by Aastha,Indian skincare routine,2026-10-01T18:04:38.784821+00:00
UCJy_NfGGsFPS8YDdCdXOTKw,Hallo Skincare,Indian skincare routine,2026-10-01T18:04:38.784821+00:00
UC5trcCNtPCohKVDHlUZTpgA,Kdvera  Beauty & Skincare ,Indian skincare routine,2026-10-01T18:04:38.784821+00:00
UCqLAxndjdxzUW9fTxvyrS3g,Blameless Skincare,Indian skincare routine,2026-10-01T18:04:38.784821+00:00
UCug2yf8rjKTY2ZO6YnIxw0g,Skincare & Lifestyle with Tanvi,Indian skincare routine,2026-10-01T18:04:38.784821+00:00
UCvqFc14KGkLd0jpNHDKtkNg,Awear Beauty,Indian skincare routine,2026-10-01T18:04:38.784821+00:00
UCwAx9XCQh0Wc5cRhVuJjUvQ,Beauty with Brain,Indian skincare routine,2026-10-01T18:04:38.784821+00:00
UCkz7PTtIzTaiHlsGZIQrRZw,Skincare Withshivanshi,Indian skincare routine,2026-10-01T18:04:38.784821+00:00
UCutvk_xmAXw_THSQrh4qOeg,Skincare Baddie | Beauty & Skincare UGC ,Indian skincare routine,2026-10-01T18:04:38.784821+00:00
UC_UE3Owl-x9FUZqtvTdOIuw,Klove Beauty,Indian skincare routine,2026-10-01T18:04:38.784821+00:00
UC3XxJKmInHtHKesmdcuXAjg,Earthly Vibes Skincare,Indian skincare routine,2026-10-01T18:04:38.784821+00:00
UCmsUgfJt0Fj0HNKwXjQCOtw,Anchal Sharma,Indian skincare routine,2026-10-01T18:04:38.784821+00:00
UCtJ7izhohOhJzOVB49UbFHQ,DESI BONG BEAUTY ,Indian skincare routine,2026-10-01T18:04:38.784821+00:00
UCedfggXVWWp8OP6TlHHTl2A,Skincare Tips,Indian skincare routine,2026-10-01T18:04:38.784821+00:00
UCKmGhIWdnaOaV42lf6GfVWQ,dat skincare chick,Indian skincare routine,2026-10-01T18:04:38.784821+00:00
UCMDPvpD-R1_isb1o0ua15ig,BE NATURAL,Indian skincare routine,2026-10-01T18:04:38.784821+00:00
UCXP4EhwwEM_CnJpqHEnst2w,Get Skin Smart with Shaily,Indian skincare routine,2026-10-01T18:04:38.784821+00:00
UCoQ1-dbMyM3uBceeO8O94Pg,Sreeja Shrestha,Indian skincare routine,2026-10-01T18:04:38.784821+00:00
UCXOvOphCaK5lnEt6S85PlTA,@AN tV,Indian skincare routine,2026-10-01T18:04:38.784821+00:00
UCdSDwWRfuK3ITxCpCve3blg,Skin Talks with Dr Jaishree Sharad,Indian skincare routine,2026-10-01T18:04:38.784821+00:00
UCQxcP4A84N8BJ3h_OKoujwA,The RawLogic Natural Skincare & Haircare,Indian skincare routine,2026-10-01T18:04:38.784821+00:00
UCQM0czTJb7Gmmpm90LJZ7Hg,Akashi_Beauty_Simplified,Indian skincare routine,2026-10-01T18:04:38.784821+00:00
UCbVtKT0ZvNoS4WZ2Q7NoPpA,Rajput SkinCare,Indian skincare routine,2026-10-01T18:04:38.784821+00:00
UC7BjgJxWdvLCm7FGt9H7uBA,Cutiepie,Indian skincare routine,2026-10-01T18:04:38.784821+00:00
UCDlQthtwG0AljAoUaELkX0w,Riya shakya ᥫ᭡.      ,Indian skincare routine,2026-10-01T18:04:38.784821+00:00
UCpeieC31LBWkceI7fRAJfpQ,Dr. Radhika Patil,Indian skincare routine,2026-10-01T18:04:38.784821+00:00
UCY8_dGcI9KlkaDBM9yNSI3Q,Sassy and glossy,Indian skincare routine,2026-10-01T18:04:38.784821+00:00
UC4Houd7MMz22SnOypCCuEvQ,Gloderm Skincare,Indian skincare routine,2026-10-01T18:04:38.784821+00:00
UCQl4fW1H5OY2b4j8qqs_2KQ,VauriiC Skincare,Indian skincare routine,2026-10-01T18:04:38.784821+00:00
UC0JvrsS75adV6w4QFGoNvow,Vaishnavi Kashish,Indian skincare routine,2026-10-01T18:04:38.784821+00:00
UCjGWbDjyy_qxpC5TU_d3ADg,White Wolf Skincare,Indian skincare routine,2026-10-01T18:04:38.784821+00:00
UCKMp4obnRycW_3DMrH3yePQ,meghamukherjee.Beauty ,Indian skincare routine,2026-10-01T18:04:38.784821+00:00
UCCL_8986mQNfIlKNGhSwOgg,A V N I,Indian skincare routine,2026-10-01T18:04:39.197972+00:00
UCYAASIa27FwdQHOi5LSWguA,Gayathri K,Indian skincare routine,2026-10-01T18:04:39.197972+00:00
UCPHPmMIjONVvY5QVGbJ365w,Archee Gupta,Indian skincare routine,2026-10-01T18:04:39.197972+00:00
UCrbR4fvHg1hU4ITLNTjopJg,SIX:AM,Indian skincare routine,2026-10-01T18:04:39.197972+00:00
UCGiTQEPFMB1RVOwbziMhFgA,Shalini Mandal,Indian skincare routine,2026-10-01T18:04:39.197972+00:00
UCwc6P4ALubzC8Ip_elwNz6g,NAME UD,Indian skincare routine,2026-10-01T18:04:39.197972+00:00
UCiAANGf1n6RF1umyXQQE2LQ,Women's Beauty World,Indian skincare routine,2026-10-01T18:04:39.197972+00:00
UCX1J9NojtA8tJlf7a5vHqOg,SkinbySan,Indian skincare routine,2026-10-01T18:04:39.197972+00:00
UCHGbddi0fu6duXE-Pd9RC5w,Sonika Gupta,Indian skincare routine,2026-10-01T18:04:39.197972+00:00
UCz3yLP_63OUzsBcT0n3xcxA,WOW Skin Science India,Indian skincare routine,2026-10-01T18:04:39.197972+00:00
UCXk9v_kCE7ukW1VTNZdR6jg,Claymi Skincare,Indian skincare routine,2026-10-01T18:04:39.197972+00:00
UCH4Zbm7tPIf-X1JVnstC2dA,SKINCARE-x100,Indian skincare routine,2026-10-01T18:04:39.197972+00:00
UCbYVoy0mgLOmfkta61yW9cQ,skincare with shona,Indian skincare routine,2026-10-01T18:04:39.197972+00:00
UCj048BbykkLlBdi7rPkZMFQ,Style And Strike By Tamanna,Indian skincare routine,2026-10-01T18:04:39.197972+00:00
UCc2GIg0laubBtcLvKU4Ac1w,Veloura Hush,Indian skincare routine,2026-10-01T18:04:39.197972+00:00
UCubKj477cGlr-KWkWEFKg1w,Divya Ramanathan,Indian skincare routine,2026-10-01T18:04:39.197972+00:00
UC445ZDlNTH2oZOt0HRLvz7A,Bubbli World,Indian skincare routine,2026-10-01T18:04:39.197972+00:00
UCDKJ9RPo94d1RbOkzpyNTZQ,Chitra Singh,Indian skincare routine,2026-10-01T18:04:39.197972+00:00
UCLXoRiMWKmnbwlTlqdJLaZQ,Haute & Chic,Indian skincare routine,2026-10-01T18:04:39.197972+00:00
UC6xZ97xH-AGx3lIg16zH52A,Indian Beauty Nilofer,Indian skincare routine,2026-10-01T18:04:39.197972+00:00
UCwQyJv4H8VhTYwzv5zf-tgQ,By Raisa & Rehan,Indian skincare routine,2026-10-01T18:04:39.197972+00:00
UCDOLKgP4KtsjRyEKLc7mhfA,#glowwithme..239,Indian skincare routine,2026-10-01T18:04:39.197972+00:00
UCM9Q8gE_IwQmT5SWfaxCbkw,Dr.Balpreet kaur Grewal,Indian skincare routine,2026-10-01T18:04:39.197972+00:00
UCyWZ4HbDsS4SGlWdRINTyyA,Tanush_ka,Indian skincare routine,2026-10-01T18:04:39.197972+00:00
UCR90AG3ZXs602UNBxbIRsvg,Glam Muskan ,Indian skincare routine,2026-10-01T18:04:39.197972+00:00
UCuk47vSxLzPn8GgQpiiz2-w,Mansi Gulati - Face Yoga Expert,Indian skincare routine,2026-10-01T18:04:39.197972+00:00
UCJd-bJjTp9zpDGZtTALWJmA,Akanksha Soni,Indian skincare routine,2026-10-01T18:04:39.197972+00:00
UCVaSUu1B_Y4R2rFLUpvRmlA,The Formal Edit,Indian skincare routine,2026-10-01T18:04:39.197972+00:00
UCK6sP8WcPhS6WbeksluY5sQ,Beauty Indian Blogger,Indian skincare routine,2026-10-01T18:04:39.197972+00:00
UCwm5RiKdcnXH5YA10X7jfpg,indiabiba,Indian skincare routine,2026-10-01T18:04:39.197972+00:00
UC7WZkYppCZ58CRQjfPiqbDw,"Mahasweta | Skincare, Hair Care & Lifestyle ",Indian skincare routine,2026-10-01T18:04:39.197972+00:00
UCKjFW3fLTteXH4p6pir1H2Q,kaavikiwi,Indian skincare routine,2026-10-01T18:04:39.197972+00:00
UCobXaG2hGNsl4FLKZSNMUYg,Parita S,Indian skincare routine,2026-10-01T18:04:39.197972+00:00
UCElOwjba1OcRDtHOEix1F1w,Indian YouTuber Neelam,Indian skincare routine,2026-10-01T18:04:39.197972+00:00
UCpj3v_cVIxnk2tZ7ShotyCA,MUSK,Indian skincare routine,2026-10-01T18:04:39.197972+00:00
UCQZ80IqI4TSvu9EiZpGxTcw,Radhika Jagtap,Indian skincare routine,2026-10-01T18:04:39.197972+00:00
UCnPzr06-xRNVWdDEFXrynsQ,glowskin,Indian skincare routine,2026-10-01T18:04:39.197972+00:00
UClCDzpWfdkPZ_i-4p6GX_6g,Daljit beauty advisor,Indian skincare routine,2026-10-01T18:04:39.197972+00:00
UCMKUGYZbseBCu0FX2KTSCMw,Ankita Chavan,Indian skincare routine,2026-10-01T18:04:39.197972+00:00
UCzb9zl6Vb5DuNGMItpi3XoQ,Arati Gupta,Indian skincare routine,2026-10-01T18:04:39.197972+00:00
UClsAU7kr08deHIxDVeTEdTg,Fuschia Skincare,Indian skincare routine,2026-10-01T18:04:39.197972+00:00
UC8O5eTWEFnQ9Q6DM-UgRtlQ,GetWellNessTips,Indian skincare routine,2026-10-01T18:04:39.197972+00:00
UCRH-0xfnLWrZRS0MvWQeUTA,Kratika Diaries ,Indian skincare routine,2026-10-01T18:04:39.197972+00:00
UCQr_rgmHo4muSfQhH9MG5Bg,Isha Soni,Indian skincare routine,2026-10-01T18:04:39.628550+00:00
UCGW3W1mtqtp4SPTfn1r5XeQ,Shala Land,Indian skincare routine,2026-10-01T18:04:39.628550+00:00
UCIDWRqgmmV-mdBcm_7Gt5Bw,sumayata,Indian skincare routine,2026-10-01T18:04:39.628550+00:00
UCpv15B_0r-tD0SDTJ3E17ow,Faiza Shakeel,Indian skincare routine,2026-10-01T18:04:39.628550+00:00
UC9cnfQWhgMBo8E09LhhPXCg,Muskan Diaries,Indian skincare routine,2026-10-01T18:04:39.628550+00:00
UCSAB63JTyW6Bc4ctSEl8ouw,Life In A Different Country,Indian skincare routine,2026-10-01T18:04:39.628550+00:00
UC5IiiL7pAsW73fhWY_o42yw,Jini Rawal,Indian skincare routine,2026-10-01T18:04:39.628550+00:00
UC7-e7ivOv4tRIZuLvNUzbOA,Sneha Bharadwaj,Indian skincare routine,2026-10-01T18:04:39.628550+00:00
UCki3dknYdQYx9Vy_XxjsZqw,TOPJEC SKINCARE ,Indian skincare routine,2026-10-01T18:04:39.628550+00:00
UCHSF2nNUKXnHZqa4rWgwKVQ,Yashvi Mehra,Indian skincare routine,2026-10-01T18:04:39.628550+00:00
UC6AK6ryIjkVQrppStW6GlVw,Bhoomi,Indian skincare routine,2026-10-01T18:04:39.628550+00:00
UCQ-6nWwUNGjhIJL7B2dP6Tw,Its_ankii,Indian skincare routine,2026-10-01T18:04:39.628550+00:00
UCRJnFC07WDjDpEZMW35Vvrg,"Glowverse By Trishla ""Glow beyond Beauty""",Indian skincare routine,2026-10-01T18:04:39.628550+00:00
UCkNbMc3AepBNlFFqrpTCRNQ,Khyati Umraniya,Indian skincare routine,2026-10-01T18:04:39.628550+00:00
UCgKAQLRtCxFZ5sce_cG3RPQ,Lyf with Damu 💖,Indian skincare routine,2026-10-01T18:04:39.628550+00:00
UCaRCBBnN8jyP-6h5py_MFkw,Mich Molina,Indian skincare routine,2026-10-01T18:04:39.628550+00:00
UCJwE2Q6bY13Ny18C6SBEjIA,Mijoo skincare,Indian skincare routine,2026-10-01T18:04:39.628550+00:00
UCJkxJ3XGTbX4oMVoVaeuDuw,Beauty Plush,Indian skincare routine,2026-10-01T18:04:39.628550+00:00
UCopdrWk3Wa2lJX0UPeNcZ_Q,Aesthetic Skincare,Indian skincare routine,2026-10-01T18:04:39.628550+00:00
UC8kkIP8GFKDvJv5eLsM_mbw,Manika Luhach,Indian skincare routine,2026-10-01T18:04:39.628550+00:00
UCrYcHTAo4lCo5yPdXosWedQ,L’Oréal Paris India,Indian skincare routine,2026-10-01T18:04:39.628550+00:00
UC-F-Yd2zaDbXaFZCaMsbctg,mulani family vlogs 1M,Indian skincare routine,2026-10-01T18:04:39.628550+00:00
UCAi2N8XJYtYkphiT9BEkMWA,Ika's vlog,Indian skincare routine,2026-10-01T18:04:39.628550+00:00
UCIr7tBqL2h4nCOlKnBLQDVw,TribalGlow,Indian skincare routine,2026-10-01T18:04:40.070545+00:00
UCG8e0xN2DQB2TV_Od1oK-5g,Mrymlenss,Indian skincare routine,2026-10-01T18:04:40.070545+00:00
UCq9mqGilIvvQXU78dhmg2UQ,The Vibe Veloura,Indian skincare routine,2026-10-01T18:04:40.070545+00:00
UCTWsMu2CthOoStHFe5qlYLw,Skin & Scenes with S,Indian skincare routine,2026-10-01T18:04:40.070545+00:00
UCTn7oBnqZTV5PaC0-u2RZXw,Grace Molefi,Indian skincare routine,2026-10-01T18:04:40.070545+00:00
UCjXFcAQp_YgooFm7ctMDoGQ,Skinderella,Indian skincare routine,2026-10-01T18:04:40.070545+00:00
UCAYYc5oGzJoNVcjz2auqyVg,Beauty l skincare ,Indian skincare routine,2026-10-01T18:04:40.070545+00:00
UCMUw7OnKTT3SCkZDr93q5TA,Beauty & Bites By Tooba ,Indian skincare routine,2026-10-01T18:04:40.070545+00:00
UCuRLwAVCNjdl64XtJMBPqVg,Arti Shukla,Indian skincare routine,2026-10-01T18:04:40.070545+00:00
UCIiMoLhtTn7JxPeZtXWtOJA,SrishtiDutta,Indian skincare routine,2026-10-01T18:04:40.070545+00:00
UClNKrWMy_fWgmAcchIrdtdg,Kaveri Paul,Indian skincare routine,2026-10-01T18:04:40.070545+00:00
UC1kEk68FkgxfYPjabBT_W0g,Ravneet | UGC Creator • Beauty & Lifestyle,Indian skincare routine,2026-10-01T18:04:40.070545+00:00
UClg1BK5TSUqbepZH4PU_coQ,Aarushi Jain,Indian skincare routine,2026-10-01T18:04:40.070545+00:00
UCrQH1EdBG9CIxGVWPBfOOcQ,Honey N Beaute,Indian skincare routine,2026-10-01T18:04:40.070545+00:00
UCRrENMBllJSeWJ71R4iixtw,Dr. Rashel,Indian skincare routine,2026-10-01T18:04:40.070545+00:00
UC73GQFRhqocL60WocBNkYPw,Makeup by Rutu,Indian skincare routine,2026-10-01T18:04:40.070545+00:00
UCWkgwHKW_HwtAop1MphGKNg,REVIEWWIND,Indian skincare routine,2026-10-01T18:04:40.070545+00:00
UCM1LF7MBIgHTOpa6Iejls1Q,roopsii,Indian skincare routine,2026-10-01T18:04:40.070545+00:00
UCEIBmYXd-qO6SohUHiMcJQw,skincare and makeup lover,Indian skincare routine,2026-10-01T18:04:40.070545+00:00
UC3rQ_zvoXaPA15zNLtfeHsg,Varsh Talez,Indian skincare routine,2026-10-01T18:04:40.070545+00:00
UCgVZQe5oss1OBNWROp4J10w,Huda Qureshi,Indian skincare routine,2026-10-01T18:04:40.070545+00:00
UCMoyNWHUYXcV_QyJKzyfXZg,Life camera skincare,Indian skincare routine,2026-10-01T18:04:40.070545+00:00
UCH0DtlK2XzDCRmP3_X4oQ-g,Saba beauty tips vlogs· 320K views · 1 hours ago.,Indian skincare routine,2026-10-01T18:04:40.070545+00:00
UCLXNx35TtOyK2GjJb-kTbHw,Men's Care (Indian Groomer),Indian skincare routine,2026-10-01T18:04:40.070545+00:00
UCwVXyPrBBFCfzAfjPNaWtlA,ELXR Skincare,Indian skincare routine,2026-10-01T18:04:40.070545+00:00
UCc3EBx3nKZSWY501YUCpHdQ,Vignesh Narayan R,Indian skincare routine,2026-10-01T18:04:40.070545+00:00
UCA0ADsFqTVNaajkfpUIJktQ,Glowithshonali ,Indian skincare routine,2026-10-01T18:04:40.070545+00:00
UChQLOukV0-Filh9vIz2s8sQ,Dr sowmya panuganti ,Indian skincare routine,2026-10-01T18:04:40.070545+00:00
UCBEM8O8dQIam4Hqyq3SBwmQ,Quench Botanics,Indian skincare routine,2026-10-01T18:04:40.070545+00:00
UCHzJTuaxOwam5ql34Mz4R3g,defactobeauty_,Indian skincare routine,2026-10-01T18:04:40.070545+00:00
UCwU-RyjFM1MCrb1Ms3w__3g,indian.monarch,Indian skincare routine,2026-10-01T18:04:40.070545+00:00
UCmNSSliNq-oP91tkOuvS6dw,Dr. Neera Nathan,Indian skincare routine,2026-10-01T18:04:40.070545+00:00
UCDWVNwQce16D16tPc5NBYlQ,Fit Tuber Hindi,Indian skincare routine,2026-10-01T18:04:40.070545+00:00
UCyHv20uzpNqVEGbU4DMbfNQ,Chahat Tewani,Indian skincare routine,2026-10-01T18:04:40.070545+00:00
UCOANK5DS_tKsxqBWPq3dFzQ,Tinnit Pro Skincare,Indian skincare routine,2026-10-01T18:04:40.070545+00:00
UCco23nkgChs5Unx7EWEaa8A,Sacred Shell Glow,Indian skincare routine,2026-10-01T18:04:40.070545+00:00
UCTNhvwu9ABawc3WapasIhqg,Skincity Bhopal | Dr. Meenakshi Tandon ,Indian skincare routine,2026-10-01T18:04:40.070545+00:00
UC2KUtEbnfvUjmcl82AbGLEg,Makeupby_tannurawat,Indian skincare routine,2026-10-01T18:04:40.070545+00:00
UCY2sdsnJZZ1X1yaWmmjvScA,Mitali Bajaj,Indian skincare routine,2026-10-01T18:04:40.070545+00:00
UCX4HhGx9wNHjxzJcicWrQVA,Dr. Madhuri Agarwal's Yavana Clinic,Indian skincare routine,2026-10-01T18:04:40.070545+00:00
UC4p0jef_fOhAIXzHBOButiw,Cosmosentials ,Indian skincare routine,2026-10-01T18:04:40.070545+00:00
UCQLCc-NqiWSVcz2LdU4xZ_w,Dr. Priyanka Reddy,Indian skincare routine,2026-10-01T18:04:40.070545+00:00
UCQ6LYivhIDF8-emgPPk_qFQ,Ozivle Skincare,Indian skincare routine,2026-10-01T18:04:40.070545+00:00
UCYC6Vcczj8v-Y5OgpEJTFBw,Fit Tuber,Indian skincare routine,2026-10-01T18:04:40.070545+00:00
UCh56YFeFWjVrYQnIVGhmXJg,🌸glowwithlily,Indian skincare routine,2026-10-01T18:04:40.070545+00:00
UCEV6oIf3Y-2r6-_9jpLQvWw,Angel Lifestyle,Indian skincare routine,2026-10-01T18:04:40.070545+00:00
UCGIO5txyFcnmo5kanoEqXIw,dewy diarise,Indian skincare routine,2026-10-01T18:04:40.070545+00:00
UC7UgT9rWvr8W2fYd0rYrLNw,Indian Vlogger Poulami,Indian skincare routine,2026-10-01T18:04:40.070545+00:00
UCKqXy7_LsImmS-uJSI8jOKw,SONALI ADHIKARI,Indian skincare routine,2026-10-01T18:04:40.070545+00:00
UCewFD7sSIsamXYnkvtM0YfQ,Mumbai Pakwan Indian Vlogs ,Indian skincare routine,2026-10-01T18:04:40.452064+00:00
UC1v7MhDWHH61NV9p5mjA2XQ,Curly Dishu,Indian skincare routine,2026-10-01T18:04:40.452064+00:00
UCIpsz9iCFm_TEZ1dG6QJNVA,Tejuu vlogs,Indian skincare routine,2026-10-01T18:04:40.452064+00:00
UC-vR3hi3gsSNsxqWdrtUwKw,Skincare Normie,Indian skincare routine,2026-10-01T18:04:40.452064+00:00
UC4F8VWMz2nF8RCHne6ADjEA,Dia Gautam,Indian skincare routine,2026-10-01T18:04:40.452064+00:00
UClrSLy_JEgbahNjlvkS0vig,Monica Ravi-Conway,Indian skincare routine,2026-10-01T18:04:40.452064+00:00
UCNMICsDNb5PVDksPOJhox9g,Glam up Style,Indian skincare routine,2026-10-01T18:04:40.452064+00:00
UCy8wsU7pzaoj_1wXcgs7ktA,Rojina Thapa,Indian skincare routine,2026-10-01T18:04:40.452064+00:00
UC_jw2OD1F6xwE9YaluIQkXw,AI Medicology,Indian skincare routine,2026-10-01T18:04:40.452064+00:00
UC0ylsQidxziadnjn03q4akA,My Skincare Tales,Indian skincare routine,2026-10-01T18:04:40.452064+00:00
UCoFxUkg6cLuhlY3Ll8SHTDQ,Anushka Sen,Indian skincare routine,2026-10-01T18:04:40.452064+00:00
UCQjZwpiVwSr0PeW69atFOcw,Kriti Dandona,Indian skincare routine,2026-10-01T18:04:40.452064+00:00
UCJvpOt6RoEtXpxZUI8GC3xw,BhavnaSoni,Indian skincare routine,2026-10-01T18:04:40.452064+00:00
UC4dZHxLjWcOHyGHaFz_zCrw,skincare at 30's,Indian skincare routine,2026-10-01T18:04:40.452064+00:00
UCJdDxyU6FwiCgSSMgdcjAiA,The Firefly Finds🐝,Indian skincare routine,2026-10-01T18:04:40.452064+00:00
UCTELOYSiRIY-7JqRQw-8gMg,Perkymegs,Indian skincare routine,2026-10-01T18:04:40.452064+00:00
UCpuRJtDcRG0px-yNB_BV41w,ZOBHA ,Indian skincare routine,2026-10-01T18:04:40.452064+00:00
UCzmlP2hHOILqjLZs6Dp159g,Arpita Ghoshal,Indian skincare routine,2026-10-01T18:04:40.452064+00:00
UCiKdXvng-NorVJv46ZxjhrQ,Curios and Dreams,Indian skincare routine,2026-10-01T18:04:40.452064+00:00
UCT79-v3vgZF8W-oDeM7WLrg,Manish Cricket Advice ,Indian skincare routine,2026-10-01T18:04:40.452064+00:00
UClQH9bzRYe5PMWbVKMcSUhQ,skincare makeup asmr,Indian skincare routine,2026-10-01T18:04:40.452064+00:00
UC9xk5Ho_l-l4oh2C0ulGEXw,say glam ,Indian skincare routine,2026-10-01T18:04:40.452064+00:00
UC1fgUcNFJrzLQDF6r4fI-Qw,BEAUTY • FASHION • LIFESTYLE • ACCESSORIES,Indian skincare routine,2026-10-01T18:04:40.452064+00:00
UCAZGrH6nMu5gMaRzDAsq9dA,Tiptop Beauties,Indian skincare routine,2026-10-01T18:04:40.452064+00:00
UCZ30cD2kglk_G0RQvMwQBAA,Khoobsurti ,Indian skincare routine,2026-10-01T18:04:40.452064+00:00
UCg56FfZViOEZ1ELxPyH2Lnw,Dr Lokesh Sengar MBBS ,Indian skincare routine,2026-10-01T18:04:40.452064+00:00
UCDICOozUYmHSKMmL2K69fDA,Jennifer Thiek,Indian skincare routine,2026-10-01T18:04:40.452064+00:00
UCqOOzhZWHDtD8u-YS9fXSBA,Daily Women Dose,Indian skincare routine,2026-10-01T18:04:40.452064+00:00
UCWmGOa36ell7JVt4Yl5ij7g,The capricorn Babe,Indian skincare routine,2026-10-01T18:04:40.452064+00:00
UCXRWXJuAcrx-2cdkhMwPyMg,RICHU GOEL,Indian skincare routine,2026-10-01T18:04:40.452064+00:00
UCwGtG66LsCGdXfm8pbfDgMw,Neethu Srivastava,Indian skincare routine,2026-10-01T18:04:40.452064+00:00
UChRrRsALA-hybsf88b7MOMg,SheGlow By Deepali,Indian skincare routine,2026-10-01T18:04:40.452064+00:00
UCSZRhP36F936zJDuLnhRm8Q,Mumma derma,Indian skincare routine,2026-10-01T18:04:40.452064+00:00
UCIpvACgDicld7kVpxssQQgw,Monika Yadav,Indian skincare routine,2026-10-01T18:04:40.452064+00:00
UC2F77HBAexS9ijKVqNybtuQ,Skincare Enthusiast,Indian skincare routine,2026-10-01T18:04:40.452064+00:00
UC6M-mVbevO6TAYl4eCpZEZg,Natasha Noushad,Indian skincare routine,2026-10-01T18:04:40.452064+00:00
UCS_6ezGPr5TLA4AsBaIo1GA,GLOWUP BEAUTY ZONE,Indian skincare routine,2026-10-01T18:04:40.452064+00:00
UCyH2-ksh6rxeNzeYKpYZQ4g,Leepstticks,Indian skincare routine,2026-10-01T18:04:40.452064+00:00
UClj7cs9Z6YaLRiktwMkj0qg,Glow with Neha,Indian skincare routine,2026-10-01T18:04:40.452064+00:00
UCNQINDtTkFPuDU8C2iL_rVw,Trikona Pharma - Redefining Skincare,Indian skincare routine,2026-10-01T18:04:40.452064+00:00
UCG9nUJtEZLJuE9IX36YDXUw,Brown Indian Girl,Indian skincare routine,2026-10-01T18:04:40.452064+00:00
UCBVXcBh320oA96I-nR6MqPw,Rehana siddiqui ,Indian skincare routine,2026-10-01T18:04:40.452064+00:00
UCEUYquTwa0DDXeLyrZAnBsw,Shiv Sewlal,Indian skincare routine,2026-10-01T18:04:40.967067+00:00
UC6t6dgQf3VAoo1rKWnLZr4w,Rutuja Mane,Indian skincare routine,2026-10-01T18:04:40.967067+00:00
UCWYweVwJ3zO_sZFZJ3w58UA,RMV Kosmoderma,Indian skincare routine,2026-10-01T18:04:40.967067+00:00
UCFbbep3YazAi6dHTRspZsDQ,MyBeMorph,Indian skincare routine,2026-10-01T18:04:40.967067+00:00
UCI-Mc5a09NOHcn_HrTp3n3g,Himanshi's World! ,Indian skincare routine,2026-10-01T18:04:40.967067+00:00
UCiYc6UhR_5rQ3_Y4tl5mm4A,Bharti Narang,Indian skincare routine,2026-10-01T18:04:40.967067+00:00
UCnfKSOftPqGsVFNEHLlc6pg,Shrads,Indian skincare routine,2026-10-01T18:04:40.967067+00:00
UC84_XCO5ZPeaJr4mNC0hyog,anita rani,Indian skincare routine,2026-10-01T18:04:40.967067+00:00
UCGB2bzMjIZhnaSDUDy2LEZA,Jooshica,Indian skincare routine,2026-10-01T18:04:40.967067+00:00
UCPBJtxTR45ya4IHjTZIN0pQ,Khushi Malhotra,Indian skincare routine,2026-10-01T18:04:40.967067+00:00
UCxt4wUqEgNkVr55cVZ4JZZg,Moumita's  Makeover,Indian skincare routine,2026-10-01T18:04:40.967067+00:00
UCX3nzDmK_o3J95wJlZQU93w,Mistah,Indian skincare routine,2026-10-01T18:04:40.967067+00:00
UCcIoPiPzYi0UmVuhNrlzvyw,YourDapperSelf,Indian skincare routine,2026-10-01T18:04:40.967067+00:00
UCOFtKuXun_hITsYr8cYiQzQ,COSLIGN,Indian skincare routine,2026-10-01T18:04:40.967067+00:00
UCbycC2IahA9MnRDFLhwsY9g,Riva Mom Vlogs,Indian skincare routine,2026-10-01T18:04:40.967067+00:00
UCYho3XhaCWTOvK6HzjRNAIQ,Shop2Earn,Indian skincare routine,2026-10-01T18:04:40.967067+00:00
UCteP4dGuFeam_i5FnVQNvlA,是曼玉不是鳗鱼 Littlemanyu,Indian skincare routine,2026-10-01T18:04:40.967067+00:00
UC-vB2yfEGFYTj4ANLT5lPNg,Derma Healer,Indian skincare routine,2026-10-01T18:04:40.967067+00:00
UC2a-9S4bVl4Wui5G7tCwObw,Beauty by Manisha ,Indian skincare routine,2026-10-01T18:04:40.967067+00:00
UCT0vqDW5Celc6BH7klJBEDw,Dr. Jinal Mehta ,Indian skincare routine,2026-10-01T18:04:40.967067+00:00
UCx9Pmdy6-OrXU9nW_iAk6CQ,Beautifyyou,Indian skincare routine,2026-10-01T18:04:40.967067+00:00
UCsUfQKcUMCFgxTuuERzlCyA,Priyanjana Roy,Indian skincare routine,2026-10-01T18:04:40.967067+00:00
UC6ohBHiqUBfpA7pEqjL45yQ,B NATURA,Indian skincare routine,2026-10-01T18:04:40.967067+00:00
UCpKhb97MU80Ni4Sj1PfxY8w,Charanjeet Kaur,Indian skincare routine,2026-10-01T18:04:40.967067+00:00
UCWRFUZPUvdZa0h8Af9u0a5g,Beauty Finds NZ,Indian skincare routine,2026-10-01T18:04:40.967067+00:00
UCzrormDG4Uy4Y1ON1eTT8TQ,Yadhu Krishna,Indian skincare routine,2026-10-01T18:04:40.967067+00:00
UCMoBTC9U051vw9gRrrn6WRg,Down Your Alley,Indian skincare routine,2026-10-01T18:04:40.967067+00:00
UCrVFuWLkpEaGx9U7PJM_EbQ,Smriti_Glam,Indian skincare routine,2026-10-01T18:04:40.967067+00:00
UCN-2L9y80CBeAEQBabIpLEg,Ridhima`s glowup ,Indian skincare routine,2026-10-01T18:04:40.967067+00:00
UCXIDpj2RxBlpCYvULfC9ceA,Nakhra Style,Indian skincare routine,2026-10-01T18:04:40.967067+00:00
UChnpzn4t25jIe3SGajDGMLA,Anayaura,Indian skincare routine,2026-10-01T18:04:40.967067+00:00
UCbsMhklagG8MLwtstYnqssA,ASMR Taposhi ,Indian skincare routine,2026-10-01T18:04:40.967067+00:00
UCuR209e6K0T-QUcoIqJfrSw,Cute Sisters,Indian skincare routine,2026-10-01T18:04:40.967067+00:00
UCGmlk668NC4M9Fo1OS61Mog,Madhuri_Japan,Indian skincare routine,2026-10-01T18:04:40.967067+00:00
UCqG5-MDpona4gY51qTx1ysA,Shruti Amin,Indian skincare routine,2026-10-01T18:04:40.967067+00:00
UCw6AtS6PJCCXWvDUSfgiBeg,Cloudyyxb ☁️,Indian skincare routine,2026-10-01T18:04:40.967067+00:00
UC7tFhPb_T4H0vuhBuIoIMjw,Learn With Priyanshi,Indian skincare routine,2026-10-01T18:04:40.967067+00:00
UCewbVCg5R3C9IBVrp-u0VFw,Simpal Kharel,Indian skincare routine,2026-10-01T18:04:40.967067+00:00
UC23FQmiMd2f-ztSLqVzMS9w,Manika Sharma,Indian skincare routine,2026-10-01T18:04:40.967067+00:00
UCndIbuEhdm6-AABo0gaKkuQ,BASED,Indian skincare routine,2026-10-01T18:04:40.967067+00:00
UCdki4WC-kozzkFVoljzXQfA,Mishti Pandey,Indian skincare routine,2026-10-01T18:04:40.967067+00:00
UCS3VEKQ3zcFdLhr-gieQ24g,Chadtag,Indian skincare routine,2026-10-01T18:04:40.967067+00:00
UCD6a36aFK-vENMc3oQq4lZA,Farartistry ,Indian skincare routine,2026-10-01T18:04:40.967067+00:00
UC5j0i8xOklk-3WrUOFjlleg,Fit Arshia,Indian skincare routine,2026-10-01T18:04:40.967067+00:00
UCmVaRsJZDxUAStbx0221G-Q,Making_a_fussssss,Indian skincare routine,2026-10-01T18:04:40.967067+00:00
UC0LLqsIpJ69Rpvh7g24FEzg,Saba Shaheen,Indian skincare routine,2026-10-01T18:04:41.424311+00:00
UCF-FNxX0a-kufuTEcZ6mZsA,Sreenanda Biswas,Indian skincare routine,2026-10-01T18:04:41.424311+00:00
UClHOeDiKdXglOXvjEny0pTg,Anahata Organic ,Indian skincare routine,2026-10-01T18:04:41.424311+00:00
UCF9mP5nrxXDwVTaoKh12hpw,dailywithSuneha🎀,Indian skincare routine,2026-10-01T18:04:41.424311+00:00
UCQgD8Z-unwqQwR5e4ru9G2A,Parul Priya,Indian skincare routine,2026-10-01T18:04:41.424311+00:00
UCb-v7ANLq3M7kZqFz-yVX6w,Agam by Smruthi,Indian skincare routine,2026-10-01T18:04:41.424311+00:00
UCRVKijQpgRugeZQjg_fP85A,Hey Beauties!,Indian skincare routine,2026-10-01T18:04:41.424311+00:00
UCBve62bl_8ODiCrGKSVxVwA,Rena Goswami,Indian skincare routine,2026-10-01T18:04:41.424311+00:00
UCKQ1O-Z8vcL8i30ivMb84sA,Rims Beauty & Travel,Indian skincare routine,2026-10-01T18:04:41.424311+00:00
UCEQOJDwT1HlQO0Jmo-kLRrg,Dr Nivedita Dadu ,Indian skincare routine,2026-10-01T18:04:41.424311+00:00
UC8mdp1E6m4mbulstY1odOiQ,Toca India,Indian skincare routine,2026-10-01T18:04:41.424311+00:00
UCROR6kOLdfffv_4S0PuVJEA,Tanya Law Bedi,Indian skincare routine,2026-10-01T18:04:41.424311+00:00
UCY5iHy7kx5_ZfIX8JxEP3dQ,Aanyaa,Indian skincare routine,2026-10-01T18:04:41.424311+00:00
UCYxezj89xof3XRLFqly20VA,Dr Pal & Priya (Tamil),Indian skincare routine,2026-10-01T18:04:41.424311+00:00
UCi1yUvkggao9_MDPfvuBMtA,Manvender Bisht,Indian skincare routine,2026-10-01T18:04:41.424311+00:00
UCF8W6LkYCPw9WLIZItCUJzA,Sayani Das,Indian skincare routine,2026-10-01T18:04:41.424311+00:00
UCupGHpFunW5Rc6Df91U1uag,urbongmen,Indian skincare routine,2026-10-01T18:04:41.424311+00:00
UCTkRAo_ojmknGxokchJ0bzA,Hindi khaniya ,Indian skincare routine,2026-10-01T18:04:41.424311+00:00
UCYRW5dv_Eym7Oh0AuRTSl7A,The Men's Edit ,Indian skincare routine,2026-10-01T18:04:41.424311+00:00
UCgJ0-khC7vDOCuBMGquwPdg,Korean Dost,Indian skincare routine,2026-10-01T18:04:41.424311+00:00
UC5V9OJepirMtp0O6MazBXWg,Prapti Shukla,Indian skincare routine,2026-10-01T18:04:41.424311+00:00
UCDSFQ1EzlVAIL2hIhbdjk5A,Catherine Harshi Gwalani,Indian skincare routine,2026-10-01T18:04:41.424311+00:00
UCMPWyj5DmkEO0ngIUYXTmNA,Nemo Bishnoi,Indian skincare routine,2026-10-01T18:04:41.424311+00:00
UC11w0eByjgDmTk7bC5htjPg,Aryanna Gabrielle,Indian skincare routine,2026-10-01T18:04:41.424311+00:00
UC3i6Y6RUIzRhWcxtcZOKrgA,Shine with Kritika,Indian skincare routine,2026-10-01T18:04:41.424311+00:00
UCH9aPskONv7sraQfL-UDxNQ,Swara Singh,Indian skincare routine,2026-10-01T18:04:41.424311+00:00
UC53cAvFeWsNwsfCQnJmLjDQ,Satvic Movement,Indian skincare routine,2026-10-01T18:04:41.424311+00:00
UCa1pGJj1-QRVKIioYJr6avA,Uma's Lifestyle,Indian skincare routine,2026-10-01T18:04:41.424311+00:00
UCF1u81Z2VrkMJ3YkspcCozw,Grow and Glow,Indian skincare routine,2026-10-01T18:04:41.424311+00:00
UC500Nilt0tnfo5pgqzbJtjA,skincare girl ,Indian skincare routine,2026-10-01T18:04:41.424311+00:00
UCMMSgGr3voFUqS1xYaBVaYQ,Advika Singh,Indian skincare routine,2026-10-01T18:04:41.424311+00:00
UCQeXvYInJD5BrHWio83mDyA,khushi's life,Indian skincare routine,2026-10-01T18:04:41.424311+00:00
UCHQGfAnSoe8xdwcne26sxmg,Juhi,Indian skincare routine,2026-10-01T18:04:41.424311+00:00
UCIO1xKFtrqOC4-rZg1pFxiw,FaceIQ,Indian skincare routine,2026-10-01T18:04:41.424311+00:00
UCgbcZVJZsp9_PTKQ6fhwJsA,Kajal Nagpure,Indian skincare routine,2026-10-01T18:04:41.424311+00:00
UCQJknw4nxX0S7eDBgI9Go-Q,Preethaa Sekar,Indian skincare routine,2026-10-01T18:04:41.424311+00:00
UCmGnzR379XPsDr-WqGnnqig,Swagatas Makeup Studio,Indian skincare routine,2026-10-01T18:04:41.424311+00:00
UCpUtNtqyGxuh3cmfSkMrJMQ,Kirah Ominique,Indian skincare routine,2026-10-01T18:04:41.424311+00:00
UC6wHGjpynHruVFTN2yLQBgA,Saanvi's wonderland,Indian skincare routine,2026-10-01T18:04:41.424311+00:00
UC21xAQH-oG8WFisdf9MmCzA,Samridhi Sharma Vlogs ,Indian skincare routine,2026-10-01T18:04:41.424311+00:00
UCinL5pt_j6uCywD9cWW51Lg,Coach Tara,Indian skincare routine,2026-10-01T18:04:41.424311+00:00
UCt2zPGQIGoVIN5eQdubIdPQ,Josvita Dias,Indian skincare routine,2026-10-01T18:04:41.424311+00:00
UCgCAWRDocHJD32Arh7oa9eg,Real Khushboo,Indian skincare routine,2026-10-01T18:04:41.424311+00:00
UCjpabfppmJaXwZfEPHWv7zw,Dr. Revati Bawa,Indian skincare routine,2026-10-01T18:04:41.424311+00:00
UCGLMKic_NsR_OKcd1I1DnRQ,Essence Herbs & Beauty,Indian skincare routine,2026-10-01T18:04:41.424311+00:00
UC-21kQ-aCh4V0F4jGRzTdlQ,Santoor Mom Rachna ,Indian skincare routine,2026-10-01T18:04:41.424311+00:00
UCuFaYqRhNx-0czscbqL98Jw,Aparna Devyal,Indian skincare routine,2026-10-01T18:04:41.424311+00:00
UCNsVS4yZDrLKUw7JNc148eQ,"With Love, Sarang ♡",Indian skincare routine,2026-10-01T18:04:41.424311+00:00
UCarA4czTgBZMSUr70GlHrMw,Tejasswi Prakash,Indian skincare routine,2026-10-01T18:04:42.066322+00:00
UC4soI3xH56l4pP7yByWQyQw,Himani Sharma,Indian skincare routine,2026-10-01T18:04:42.066322+00:00
UCbFGS5NZB0iI4eDIT_82t6Q,Sharon Verma,Indian skincare routine,2026-10-01T18:04:42.066322+00:00
UCt3w0JBj1gniWfGqPO6soHw,Simran Mahi,Indian skincare routine,2026-10-01T18:04:42.066322+00:00
UCOzVEwcVSu_2xDQFyMReDRA,Haley Kim,Indian skincare routine,2026-10-01T18:04:42.066322+00:00
UC_pdSq_Ok0LplemGok4aT6Q,Affordable Pauline's Talents,Indian skincare routine,2026-10-01T18:04:42.066322+00:00
UCJYeygG7mJmv9B3GQzoNFCQ,Neetwo unscripted ,Indian skincare routine,2026-10-01T18:04:42.066322+00:00
UCvikOv4ANbaAo6qZHQaWafg,Gom Yang,Indian skincare routine,2026-10-01T18:04:42.066322+00:00
UC2kBDwkqiy7zgH1-M4UtUXQ,Dipika Ki Duniya,Indian skincare routine,2026-10-01T18:04:42.066322+00:00
UCuE0iellSbnCYEB9MihiclQ,Gunjan makeover ,Indian skincare routine,2026-10-01T18:04:42.066322+00:00
UC4_7Kh1iqmqwAL9ptljElJg,Dramebaaz Rakhi,Indian skincare routine,2026-10-01T18:04:42.066322+00:00
UCx2JNgWJPPTBODN-U56O-tg,Komal Pandey,Indian skincare routine,2026-10-01T18:04:42.066322+00:00
UCPtdPJXuOvePzy0qB4G8nqQ,GrowwithTeerath,Indian skincare routine,2026-10-01T18:04:42.066322+00:00
UC442q-nl-dY562dps29YLAg,Irem Wlazlo,Indian skincare routine,2026-10-01T18:04:42.066322+00:00
UCUOdTQuFq4Z-36QSlWHg9Ig,The Nitesh Fitness Empire,Indian skincare routine,2026-10-01T18:04:42.066322+00:00
UC4CQZRaMK59EbY0UH6LawZw,Kum Kum Parashar,Indian skincare routine,2026-10-01T18:04:42.066322+00:00
UCsbFefxpne9aYgoQ7baNnRg,Priya and Sid,Indian skincare routine,2026-10-01T18:04:42.066322+00:00
UCR1Jltq7vMzGQVtRd-DR5AA,NickandCarrie,Indian skincare routine,2026-10-01T18:04:42.066322+00:00
UCX1tI59t6mhtb4k51vqQhVQ,Anjali Super Tips - AST,Indian skincare routine,2026-10-01T18:04:42.066322+00:00
UCq-lZ2_dZqpw6u3nYF7SEHw,moretobhumi,Indian skincare routine,2026-10-01T18:04:42.066322+00:00
UCq9DI1Mv2m-bCNL3tsTYRaw,Ashton Hall,Indian skincare routine,2026-10-01T18:04:42.066322+00:00
UCvCyIiKSCA1fHKSCOKJyjXA,MostlySane,Indian skincare routine,2026-10-01T18:04:42.066322+00:00
UCqvPQst_TF6cI94mcZwNp-A,Goatis,Indian skincare routine,2026-10-01T18:04:42.066322+00:00
UCPochsOENcPkpf9Cer7Vrpg,Gourmet Runway,Indian skincare routine,2026-10-01T18:04:42.066322+00:00
UCtMcH1Wq4Q2au3hXUEEZnng,Arnakshi Patgiri,Indian skincare routine,2026-10-01T18:04:42.066322+00:00
UCZPn7UOeafPeuJNkBHSszvQ,True tales pursue ,Indian skincare routine,2026-10-01T18:04:42.066322+00:00
UCa2qvBIRkFvSPLvQlebCjAQ,TusharShruti Vlogs,Indian skincare routine,2026-10-01T18:04:42.066322+00:00
UCPBTJdx-AdNlHonR68zmStw,ChaithraTaraReddy,Indian skincare routine,2026-10-01T18:04:42.066322+00:00
UC5zS0_6TYr17qTnvw_9vang,Allen Choudhary,Indian skincare routine,2026-10-01T18:04:42.066322+00:00
UC1_qJJuBUyZyIWeUtaky-GQ,Shivprizzz,Indian skincare routine,2026-10-01T18:04:42.066322+00:00
UCHwY7H-o_S0lvtxzXTCr5gQ,BeautDee And The Bunch Family ,Indian skincare routine,2026-10-01T18:04:42.066322+00:00
UC175jcvU_wTkJvVcVZ60gbw,Zoya Abbas,Indian skincare routine,2026-10-01T18:04:42.066322+00:00
UCVBkMREdKq8342WbkScme4w,Samyana Kathalu,Indian skincare routine,2026-10-01T18:04:42.066322+00:00
UCIuYhhXA4wzNfl3wpmXUIBA,Maitreyee's Passion,Indian skincare routine,2026-10-01T18:04:42.066322+00:00
UCPNNVNk2cIhbZI5RHMV078g,sahithya sudeesh vlogs,Indian skincare routine,2026-10-01T18:04:42.066322+00:00
UCHRaksEiMATBSF8OwnNe_zg,Shreya Priyam Roy,Indian skincare routine,2026-10-01T18:04:42.066322+00:00
UCr7o0VOL6gk1Hfwrp3blLkA,Deepika Joshi,Indian skincare routine,2026-10-01T18:04:42.066322+00:00
UCa16-D97-w1kxo_JZuQDKwg,thebrowndaughter,Indian skincare routine,2026-10-01T18:04:42.066322+00:00
UCz3yvqIpXbF8iABCQy-9LDA,Zoi's Online,Indian skincare routine,2026-10-01T18:04:42.066322+00:00
UCN5qEldvasBloq7hfEm75oQ,sarorahere,Indian skincare routine,2026-10-01T18:04:42.066322+00:00
UCcCzf_nAGW4q1aiTlLLIWFA,JEORELLA,Indian skincare routine,2026-10-01T18:04:42.066322+00:00
UCZLnBqFqrEBA1yF0gnPdCQw,Kamini Singh,Indian skincare routine,2026-10-01T18:04:42.066322+00:00
UCEhar5BxX2Sz7IShhnSVl7A,mylovefromkorea,Indian skincare routine,2026-10-01T18:04:42.066322+00:00
UCEV_GHwi7peBzCYq6P4NoIg,Mr. Faisu,Indian skincare routine,2026-10-01T18:04:42.066322+00:00
UC_vcKmg67vjMP7ciLnSxSHQ,Amit Bhadana,Indian skincare routine,2026-10-01T18:04:42.066322+00:00
UC96vKi40Um2TkMvN_uCAyHg,Happy Home Happy Life,Indian skincare routine,2026-10-01T18:04:42.066322+00:00
UCGQybUs7AFZCC2AFTV02RiQ,Neelam Kothari,Indian skincare routine,2026-10-01T18:04:42.066322+00:00
UCCnMZHIlExevrmTOm0CqOSw,Kratika Moyal EXTRA,Indian skincare routine,2026-10-01T18:04:42.587043+00:00
UCG6JaN60ZwTEPk3rE8Sjq_w,Sobia Fatima,Indian skincare routine,2026-10-01T18:04:42.587043+00:00
UCaqzi6mI23O4jiwanVilz8Q,homemaker amina,Indian skincare routine,2026-10-01T18:04:42.587043+00:00
UC9vQOH8HSkdpNI8AYYbdnDA,Sky Girl Diaries,Indian skincare routine,2026-10-01T18:04:42.587043+00:00
UCV3H8G0CVoLFiEsovzkTEVw,Color with Enam,Indian skincare routine,2026-10-01T18:04:42.587043+00:00
UChUJbP5pivwW9wuJecKAADg,Alanna & Ivor,Indian skincare routine,2026-10-01T18:04:42.587043+00:00
UCxvUED41noBxVIYWAvddytw,Professional Makeup Artist. Aman Kaur ,Indian skincare routine,2026-10-01T18:04:42.587043+00:00
UCaQyj3awY3ffqG1KlKVWR5Q,Hassu,Indian skincare routine,2026-10-01T18:04:42.587043+00:00
UC6aNRjGv92201YUAL0oirvQ,𝐒𝐡𝐫𝐮𝐯𝐢𝐢𝐢 💗,Indian skincare routine,2026-10-01T18:04:42.587043+00:00
UCoKJEWNZB8VxqrRLpguujGA,Ashana Sule,Indian skincare routine,2026-10-01T18:04:42.587043+00:00
UCOPUVhoOPPkrHKkyn6BgPEg,Dessertsoul_xthetics,Indian skincare routine,2026-10-01T18:04:42.587043+00:00
UCu6eDhSb-UJq7_vLgKe4vHw,Agnit Shorts,Indian skincare routine,2026-10-01T18:04:42.587043+00:00
UCJLNnDzYxPkI66-C78a93Ew,The Aspiring Banker,Indian skincare routine,2026-10-01T18:04:42.587043+00:00
UCBcfwbVRRtRMadt6l3gUCCQ,kishumakeupandlifestyle,Indian skincare routine,2026-10-01T18:04:42.587043+00:00
UChdo1yfPfk9fXfWJVWBypSA,SAHBAN FF,Indian skincare routine,2026-10-01T18:04:42.587043+00:00
UCjB1Uv7IErdt-RLZ1vlh5sg,Ss-kidscartoon,Indian skincare routine,2026-10-01T18:04:42.587043+00:00
UCSYC5aQ6ctmujdflb8Z3n0w,Nayra Ai blog ,Indian skincare routine,2026-10-01T18:04:42.587043+00:00
UCNxVvaKG-eyCJT_A0CzefSQ,JanviVlogs,Indian skincare routine,2026-10-01T18:04:42.953940+00:00
UCSCxeHEltiu2rO2sfD9OEKg,Glow By Mansi,Indian skincare routine,2026-10-01T18:04:42.953940+00:00
UCneyi-aYq4VIBYIAQgWmk_w,Ranveer Allahbadia,Indian skincare routine,2026-10-01T18:04:42.953940+00:00
UCA2h_3sSahiUnkOVAsVqf_w,Sristy Dutta,Indian skincare routine,2026-10-01T18:04:42.953940+00:00
UCRXiA3h1no_PFkb1JCP0yMA,Vogue,Indian skincare routine,2026-10-01T18:04:42.953940+00:00
UCa3scTuNRSp5MdG1xSVAhtA,Ishita Khanna,Indian skincare routine,2026-10-01T18:04:42.953940+00:00
UCyLWYkzSFPm4bYl0_V6GTtw,Beautify you ,Indian skincare routine,2026-10-01T18:04:42.953940+00:00
UCObWXIaGPPVjX_RJgYDbB1w,Dr. Rakshita Singh,Indian skincare routine,2026-10-01T18:04:42.953940+00:00
UCa8U11JrxgFAQP63bR9AAZA,Dr. Mamina,Indian skincare routine,2026-10-01T18:04:42.953940+00:00
UC_t6-oNbYJ4DWfp7BRYrHIw,more to mihika ,Indian skincare routine,2026-10-01T18:04:42.953940+00:00
UC208W3XdnCTUD0k8y_M-mew,Kiran Tutorials 💗,Indian skincare routine,2026-10-01T18:04:42.953940+00:00
UCwqH-lLoaUTxlD9gpYrCAAQ,Aanya Shrivastava,Indian skincare routine,2026-10-01T18:04:42.953940+00:00
UC4Hn-Q4_UaCE2TiK9nrNcLQ,theriaamin,Indian skincare routine,2026-10-01T18:04:42.953940+00:00
UCNYFkd4KhIA64QGuHx64N0A,Ruchika Rathore,Indian skincare routine,2026-10-01T18:04:42.953940+00:00
UC8Fsy5oJ--lODzeNCGnbmcA,Nishitha Mallur,Indian skincare routine,2026-10-01T18:04:42.953940+00:00
UC-LrkTq7pfBJR6sZGHOcRBA,Prakriti Singh,Indian skincare routine,2026-10-01T18:04:42.953940+00:00
UCoJvgRhMLueMGbR98oGyLbg,Dr. Danny Guo,Indian skincare routine,2026-10-01T18:04:42.953940+00:00
UC-1fOqGSN2Br7O9l3j4kGfQ,Susmitha Reddy ,Indian skincare routine,2026-10-01T18:04:42.953940+00:00
UCkwRx_efphyDYdozRJoI4hw,Miracle Mirror Malayalam_Reshma,Indian skincare routine,2026-10-01T18:04:42.953940+00:00
UCshPyRiu9XTQb2gEagNt-3A,Raj Shamani Clips,Indian skincare routine,2026-10-01T18:04:42.953940+00:00
UCpP-xAGNjhqMP8g_GAMENtA,Tweak India,Indian skincare routine,2026-10-01T18:04:42.953940+00:00
UC1nB4xaUtLKiPOFwa0Ageaw,Pinkvilla Lifestyle Plus,Indian skincare routine,2026-10-01T18:04:42.953940+00:00
UCadAOVmsG4wJwcaxRylBFUg,Sneha Raj Kaushik,Indian skincare routine,2026-10-01T18:04:42.953940+00:00
UC0VLEulv2CTlmVd50OOLSgQ,Kashish Kapoor,Indian skincare routine,2026-10-01T18:04:42.953940+00:00
UCD_8aQNFgk3MxQMt6J0_QVA,Megha Chaube,Indian skincare routine,2026-10-01T18:04:42.953940+00:00
UCHmhED86fTk_i-tKP0HscEw,Missjasleenarora,Indian skincare routine,2026-10-01T18:04:42.953940+00:00
UCGRxJHvn2qIA-6D0ICkdM2w,Rohit Sachdeva,Indian skincare routine,2026-10-01T18:04:42.953940+00:00
UCwzTv-rDBCuCaSMrDhAHFxg,Dolly Shah,Indian skincare routine,2026-10-01T18:04:42.953940+00:00
UCKdBtXW9UwpxoVxI8u9VS0w,Facedecor,Indian skincare routine,2026-10-01T18:04:42.953940+00:00
UCXIF-aUFn6fwTU5YhwbXxAA,AOORA 아우라,Indian skincare routine,2026-10-01T18:04:42.953940+00:00
UCSuwXK8sMfJRstK-L6CclJw,Paiichuuu,Indian skincare routine,2026-10-01T18:04:42.953940+00:00
UCITzb2KRTgPundoSqGeCTvQ,Aarti Kushwaha,Indian skincare routine,2026-10-01T18:04:42.953940+00:00
UCsK_mNUEyhoqQKAijTblG7A,Sungjemish Sungjemish,Indian skincare routine,2026-10-01T18:04:42.953940+00:00
UCN5f8xeW95sOx6gybUDQ2nw,Swetha Rathod,Indian skincare routine,2026-10-01T18:04:42.953940+00:00
UC8Av1tO-ha143nNYzxmf1Fg,Pierre Dalati,Indian skincare routine,2026-10-01T18:04:43.575656+00:00
UC1OqFNGQe7k6iJuBuPGUyhg,Manasi Mau,Indian skincare routine,2026-10-01T18:04:43.575656+00:00
UCxNw60YWZ0qy5zKa0yMhIuQ,leeskin,Indian skincare routine,2026-10-01T18:04:43.575656+00:00
UCyMlZgJMyqq8dZ4KYK0TqUA,Ana Tamang,Indian skincare routine,2026-10-01T18:04:43.575656+00:00
UCT-cEku5KaqZpYtSC-Tu7sQ,Swadha’s ♡,Indian skincare routine,2026-10-01T18:04:43.575656+00:00
UCb4l6L58yYFDhQbaFC0fPWQ,Vanessa Faga,Indian skincare routine,2026-10-01T18:04:43.575656+00:00
UCKfxsQiF3rTa5YuQQFtawwA,Doctor Duo,Indian skincare routine,2026-10-01T18:04:43.575656+00:00
UCmt6ANTxFIZL8XhLprxgJmQ,Maria Khan,Indian skincare routine,2026-10-01T18:04:43.575656+00:00
UC0rpxsHBn1j3kBTtKJ_wQjQ,Hustle With Harman,Indian skincare routine,2026-10-01T18:04:43.575656+00:00
UCwVsXc29pRgWegWXiqrJ6KA,Skincare & Beauty with Anay,Indian skincare routine,2026-10-01T18:04:43.575656+00:00
UCiWF0x9Hhgyeq5l4rNC87zA,FaceTory,Indian skincare routine,2026-10-01T18:04:43.575656+00:00
UCc34FvrsixVdHuvaipikMxA,Dr. Sarin ,Indian skincare routine,2026-10-01T18:04:43.575656+00:00
UCk9jTMVlPPZ0MyePgW5BzDQ,Harshita Dave,Indian skincare routine,2026-10-01T18:04:43.575656+00:00
UCHEiXYM8ybFqV_wWI69RjGQ,Tarini Peshawaria,Indian skincare routine,2026-10-01T18:04:43.575656+00:00
UCnBlcpYE-uJ7WD8hB_-TFdQ,Gargi Jain,Indian skincare routine,2026-10-01T18:04:43.575656+00:00
UCRj4Myhvo_GijE9hiCnTwLA,Dr Adel,Indian skincare routine,2026-10-01T18:04:43.575656+00:00
UCwWSMrbVeF6KevmQdTIfkXQ,Sivayazhini Thangavel,Indian skincare routine,2026-10-01T18:04:43.575656+00:00
UCIpnAD8s6m4db87-1xI4fWg,Neetu Bisht Lifestyle,Indian skincare routine,2026-10-01T18:04:43.575656+00:00
UChQ1w527zgpoX-SVl1VFL0w,Saumya,Indian skincare routine,2026-10-01T18:04:43.575656+00:00
UCGXqrVq4-HFZ5NBbmOv9AeA,NIVEA India,Indian skincare routine,2026-10-01T18:04:43.575656+00:00
UCnvCHWv2FAokyadrUunCkpQ,Ishika Garg,Indian skincare routine,2026-10-01T18:04:43.575656+00:00
UC4HlZ9D5agwKmjWuYmDL4KA,ZolieSkinClinic,Indian skincare routine,2026-10-01T18:04:43.575656+00:00
UCWJ3Ospe7BLj-5Q3-XdJGpw,PAYEEL JANNAA♾️,Indian skincare routine,2026-10-01T18:04:43.575656+00:00
