id,name,platform,profile_url,followers,avg_views,engagement_rate,niche,content_themes,recent_titles,email,email_source,instagram_url,website,audience_age,audience_gender,audience_geo,country,language,last_upload,brand_fit_score,status,fail_reasons,source,fetched_at
UCbsMhklagG8MLwtstYnqssA,ASMR Taposhi ,YouTube,https://www.youtube.com/channel/UCbsMhklagG8MLwtstYnqssA,19900.0,1463.1,0.0532342610346787,"skincare, makeup, beauty, hair, style","skincare, makeup, beauty, hair, style","[""ASMR Hindi Makeup Artist \ud83d\udc84 Soft Spoken Makeup Roleplay"", ""Spit Painting Makeup ASMR \ud83d\udc84 | Satisfying Mouth Sounds & Extreme Makeup Transformation"", ""Fast & Aggressive Makeup ASMR \ud83d\ude31\ud83d\udc84 | Intense Triggers"", ""\ud83c\udfa8 Spit Painting ASMR \ud83d\udc44 | Wet Mouth Sounds & Tingly Triggers"", ""ASMR \ud83d\udc84 Doing Your Makeup Application | Relaxing Personal Attention & Soft Triggers \u2728"", ""ASMR Nose Piercing \u2728 | Satisfying Piercing Roleplay"", ""\ud83c\udf38 Indian Skincare Routine ASMR | Satisfying & Relaxing"", ""ASMR 5 Roleplay Beauty Makeover \ud83d\udc84 Skincare \u2022 Nail Salon \u2022 Haircut \u2022 Ear Piercing"", ""Bengali Style Eyebrow Plucking & Eye Makeup ASMR \ud83c\udf38 | Relaxing Beauty Sounds"", ""ASMR Doing Your Ear Piercing \u2728 | Super Satisfying & Relaxing""]",Not Found,Not Found,Not Found,Not Found,Not Found,Not Found,Not Found,IN,Not Found,2026-10-01T16:30:37Z,100.0,PASS_NO_EMAIL,[],Indian skincare routine,2026-10-01T18:04:40.967067+00:00
UCr2UwNrDH1rqeUHltq_fCOA,Urvashi Singh,YouTube,https://www.youtube.com/channel/UCr2UwNrDH1rqeUHltq_fCOA,46700.0,65121.9,0.0551090700344431,"skincare, makeup, beauty, haul, hair, style, grwm","skincare, makeup, beauty, haul, hair, style, grwm","[""beauty empties declutter + restock haul\ud83e\udd0e haircare, bodycare & hygiene essentials, skincare & makeup "", ""Everything Beauty Routine\ud83e\udd0epost shower skin, body, hair and makeup *GET READY WITH ME*"", ""Beauty Maintenance Routine\ud83e\uddd6\ud83c\udffc\u200d\u2640\ufe0f hair transformation, everything shower, pedicure, waxing, facial\ud83e\udee7\ud83d\udec1"", ""my 15 minute hair blowout routine\ud83e\udd0e\ud83d\udca8"", ""contouring with blush for lifted sunkissed flush\u2600\ufe0f\ud83d\udc95 @Nykaa"", ""smokey eye desi makeup\ud83e\udeb7\ud83e\udd9a"", ""best dermat approved moisturiser? *honest* bioderma atoderm creme review\ud83e\udd0d"", ""haircare routine for long hair and healthy scalp\u2b50\ufe0f best dermat approved hair growth serum"", ""toasty makeup\ud83d\udc06\ud83e\udd0e"", ""best beauty finds from homegrown brands\ud83d\udc10\u2b50\ufe0f""]",itsmeurvashi.work@gmail.com,channel description,Not Found,Not Found,Not Found,Not Found,Not Found,Not Found,Not Found,2026-09-29T16:45:02Z,99.56,PASS,[],Indian skincare routine,2026-10-01T18:04:38.042012+00:00
UC5v4flMlRtXBRyyQVHBU7Gg,Himi Khandelwal,YouTube,https://www.youtube.com/channel/UC5v4flMlRtXBRyyQVHBU7Gg,91900.0,52631.6,0.0532702705796688,"skincare, makeup, beauty, hair, style, cosmetics","skincare, makeup, beauty, hair, style, cosmetics","[""Illegal in Europe, Sold in India!"", ""Avoid Shady Weight Loss Products! \u274c"", ""Period Acne? Here\u2019s What I Do a Week Before"", ""Minimum Kharcha, Maximum Impact \ud83d\udcaf"", ""Vicco Turmeric fought the Government???"", ""Truth About Nykaa\u2019s \u20b9500 Conditioners \ud83d\udd2c| Loreal, Dove, Tresemme and more"", ""Stop Using These Ghar Ke Nuskhe \ud83d\uded1 (Ranked by Science)"", ""SUGAR Lost 80% Valuation. Why Are We Celebrating?"", ""Why We Rejected 13 Skincare Samples \ud83d\udeab\ud83e\uddf4| Building PRUF"", ""6 Budget Products That Beat Expensive Ones | 10+ Years of Use""]",Not Found,Not Found,Not Found,https://www.amazon.in/shop/theskintellectualgirl,Not Found,Not Found,Not Found,IN,Not Found,2026-09-25T03:24:19Z,98.67,PASS_NO_EMAIL,[],Indian skincare routine,2026-10-01T18:04:38.042012+00:00
UC4CQZRaMK59EbY0UH6LawZw,Kum Kum Parashar,YouTube,https://www.youtube.com/channel/UC4CQZRaMK59EbY0UH6LawZw,51900.0,62057.1,0.0490927155374747,"skincare, beauty","skincare, beauty","[""50K?? Excuse me, WHAT?! \ud83d\ude2d\u2764\ufe0f #kumkumparashar #celebration #ytshorts #shorts"", ""A Lazy Sunday In 12th Grade... Should I Be Studying Hard? \ud83d\udc80#kumkumparashar #studyvlog #sunday #cozy "", ""Why Is This Dress So Ridiculously Dreamyyy \ud83d\ude2d\ud83e\udd0d #kumkumparashar #dressdesign #shorts"", ""A humble tribute to Zubeen da \ud83d\udd4a\ufe0f\u2764\ufe0f\u200d\ud83e\ude79"", ""Ignore that \u0987\u099f\u09be \ud83d\ude2d\ud83e\udd0c\ud83c\udffb #kumkumparashar #roomdecor #roommakeover #shorts"", ""Adding This To My Skincare Routine\u2728 #naturesure #skincare #softskin #facialcare"", ""I'm Doomed \ud83e\udee9 #kumkumparashar"", ""Here's My Eyeliner Tutorial \ud83d\ude2d\ud83e\ude77 #kumkumparashar #shorts"", ""Teachers' Day Celebration At Dance School \ud83c\udf1f\ud83e\ude77 # #kumkumparashar"", ""The Day Before Examination \ud83d\udcda\ud83d\ude2d\ud83d\udc94 #study #kumkumparashar ""]",Not Found,Not Found,Not Found,Not Found,Not Found,Not Found,Not Found,IN,Not Found,2026-09-27T16:08:40Z,98.48,PASS_NO_EMAIL,[],Indian skincare routine,2026-10-01T18:04:42.066322+00:00
UCoQ1-dbMyM3uBceeO8O94Pg,Sreeja Shrestha,YouTube,https://www.youtube.com/channel/UCoQ1-dbMyM3uBceeO8O94Pg,23800.0,18761.3,0.0427406334830766,"skincare, makeup, beauty, hair, style","skincare, makeup, beauty, hair, style","[""Powerful habits you should inculcate in your life as a woman \ud83e\udd0d #woman #powerful #explore #fyp"", ""Fix these three things to stop hair fall! - #hairfall #haircare #hairgrowth"", ""Part 2 of Indian beauty finds! #beauty #recommended #makeup #bestfinds"", ""10 Indian beauty finds \ud83e\udd0d#beautyfinds #makeup #explore #fyp"", ""The cheapest thing in the kitchen making huge differences for my skin & hair! #healthy #explore"", ""Hear me out, because I am sure you need to hear this! #realtalk #explore #fyp"", ""The women I find attractive are these ones \ud83e\udd0d#explore #fyp #womensupportingwomen #love #selfcare"", ""5 face masks to must have for bride to be \ud83e\udd0d #skincare #bridetobe #facemask #explore #fyp"", ""Best purchases from August \ud83e\udd0d #skincare #bodycare #healthylifestyle #explore #haircare #fyp"", ""Best Azelaic Acid serums \ud83e\udd0d #skincare #azelaicacid #explore #fyp""]",Not Found,Not Found,Not Found,Not Found,Not Found,Not Found,Not Found,IN,Not Found,2026-09-30T06:53:18Z,94.7,PASS_NO_EMAIL,[],Indian skincare routine,2026-10-01T18:04:38.784821+00:00
UCY5iHy7kx5_ZfIX8JxEP3dQ,Aanyaa,YouTube,https://www.youtube.com/channel/UCY5iHy7kx5_ZfIX8JxEP3dQ,63600.0,23467.3,0.0407577554882865,"skincare, makeup, beauty, style","skincare, makeup, beauty, style","[""use my code Aanya12 for upto 20% off"", ""#tuscanmakeup"", ""2000's Tuscan Makeup"", ""skincare ingredients to add into your skincare routine"", ""which celebrity beauty brand fits your makeup style?"", ""wonyoung's Makeup full Tutorial"", ""deinfluencing you on mega popular brands (Dr Althea)"", ""my absolute must haves \ud83e\udee7"", ""wonyoung makeup transition, tutorial coming soon"", ""check out savana's eau de parfum collection and use my code Aanya12 for 20% off""]",aanyaaa1111@gmail.com,channel description,Not Found,Not Found,Not Found,Not Found,Not Found,Not Found,Not Found,2026-09-25T13:00:36Z,92.2,PASS,[],Indian skincare routine,2026-10-01T18:04:41.424311+00:00
UCLorLMiAP17npnl3Q-yUwNg,Apoorwa Vaish,YouTube,https://www.youtube.com/channel/UCLorLMiAP17npnl3Q-yUwNg,44800.0,14245.0,0.0392666162535524,"skincare, beauty, fashion, haul, hair, style, grwm","skincare, beauty, fashion, haul, hair, style, grwm","[""My Current favourite lip combo\u2728\ud83e\udd0f\ud83c\udffb\ud83d\udc8b #ytshorts #lipcombo"", ""Living Alone Diaries\u2728\ud83d\udecb\ufe0f\ud83c\udf38\ud83c\udf55| Healthy recipes, meeting friend, selfcare & more!\ud83d\udc8c"", ""Meeting my Creator friend!\u2728\ud83e\udd0f\ud83c\udffb\ud83d\udc8c #grwm"", ""Living Alone Diaries\u2728\ud83e\udeb7 | Work, Cooking, Organising & more!\ud83c\udf37\ud83e\uddda\u200d\u2640\ufe0f"", ""Short Kurti Haul\u2728\ud83e\udeb7 #ytshorts #shortkurti #haul"", ""Get ready with me!\u2728\ud83d\udc8c #ytshorts #grwm"", ""My Favourite Lippies\u2728\ud83d\udc8b #ytshorts #lipgloss #lipbalm"", ""Full Body Hygiene Tips & Favourites\u2728\ud83c\udf37 | Every Girl Should know!\ud83d\udec0\ud83e\uddfc"", ""Calming Evening Routine\u2728\ud83d\ude0c| How to Unwind after a long day!\ud83e\udeb7"", ""Unsponsored Morning Skincare Routine\u2728\ud83c\udf38 #ytshorts #morningskincare""]",apoorwavaish4@gmail.com,channel description,Not Found,Not Found,Not Found,Not Found,Not Found,IN,Not Found,2026-09-24T06:23:04Z,90.93,PASS,[],Indian skincare routine,2026-10-01T18:04:38.784821+00:00
UCadAOVmsG4wJwcaxRylBFUg,Sneha Raj Kaushik,YouTube,https://www.youtube.com/channel/UCadAOVmsG4wJwcaxRylBFUg,18000.0,2314.7,0.0350149361466084,"skincare, makeup, beauty, outfit, haul, style, cosmetics, grwm","skincare, makeup, beauty, outfit, haul, style, cosmetics, grwm","[""Swiss Beauty Lip Liners 12 Shades Swatches + 3 Best Lipsticks \ud83d\udc84 | Best Lip Combo for Indian Skin"", ""Swiss Beauty Eye Makeup \u2728 Kajal + Eyeliner + Mascara | Easy Eye Makeup Tutorial"", ""A Day in My Life \u2728 Skincare Haul + HydraFacial in Delhi | Zolie Skin Clinic Vlog"", ""GRWM \u2728 Get Ready With Me | Badshah Trending Song Transition \ud83d\udd25 | #Shorts"", ""Transition Alert \u203c\ufe0f #transition #badshah #trending #makeup"", ""Ready To Glow With Me \u2728 | Spinz BB Cream | Instant Glow & Light Makeup Look #ad"", ""GRWM for Mirzapur \ud83d\udd25 | Mirzapur Look & Makeup \u2728 | Get Ready With Me"", ""Radha Rani \u2764\ufe0f #radhakrishnalove #promptgemini #janmashtami#radha #prompt"", ""\u20b950 Tinted Lip Oil from Sarojini \ud83d\ude2d\ud83d\udc97 | Childhood Nostalgia + Gorgeous Pigment! #shorts"", ""3 Products = THE PERFECT GLAM LIP COMBO \ud83d\udc8b\u2728 | Soft + Sassy Lips | Indian Makeup""]",sneharajkaushik822@gmail.com,channel description,Not Found,Not Found,Not Found,Not Found,Not Found,IN,Not Found,2026-09-29T04:10:14Z,89.07,PASS,[],Indian skincare routine,2026-10-01T18:04:42.953940+00:00
UCQgD8Z-unwqQwR5e4ru9G2A,Parul Priya,YouTube,https://www.youtube.com/channel/UCQgD8Z-unwqQwR5e4ru9G2A,11600.0,1912.2,0.0321229794886318,"skincare, makeup, beauty, fashion, hair, style, grwm","skincare, makeup, beauty, fashion, hair, style, grwm","[""Got my HAIR COLOURED \ud83d\ude31\ud83e\udd2f *impulsively* #minivlog #haircolor #haircut #hairdye #hairsalon"", ""Things I happily spend my adult money on\ud83d\udcb8 #adulting #adulthood #adultmoney #gunmassager #shorts"", ""Vietnamese coffee at home! \u2615\ufe0f\u2728#vietnamesecoffee #coffee #coffeelover #shorts"", ""Release. Repair. Restart. Relearn. \ud83e\udd70\u2728 #selflove #selfimprovement #selfcare #selfgrowth #shorts"", ""Mandala art \ud83c\udfa8 #shorts #mandala #mandalaart #art #drawing"", ""Sunscreen for Oily Skin (No breakouts) #skincare #sunscreen"", ""Grwm for family dinner \u2764\ufe0f\ud83d\udc85 #grwm #grwmmakeup #short #ytshorts #shortsfeed #youtubeshorts"", ""She's south indian \ud83e\udeb7\ud83d\udd4a\ufe0f #aesthetic #transition #edit #trending  #unakul #unakulnane #southindian"", ""Dot & Key meltie lip balm review \ud83d\udc84 #dotandkey #lipbalm #review #shorts"", ""Litti chokha trying to be dosa sambar \ud83e\udd2d #trend #trendingshorts #othaiyadipathayila #shorts""]",Not Found,Not Found,https://www.instagram.com/parulpriya__?igsh=cXhtcmNjeHM3ZWc0&utm_source=qr,Not Found,Not Found,Not Found,Not Found,Not Found,Not Found,2026-10-01T12:41:52Z,87.49,PASS_NO_EMAIL,[],Indian skincare routine,2026-10-01T18:04:41.424311+00:00
UCIpsz9iCFm_TEZ1dG6QJNVA,Tejuu vlogs,YouTube,https://www.youtube.com/channel/UCIpsz9iCFm_TEZ1dG6QJNVA,36000.0,8341.0,0.036229500269004,"skincare, makeup, beauty, haul, hair, style","skincare, makeup, beauty, haul, hair, style","[""Car Delivery Vlog,Behind The Scenes of reel shoot,Baby\u2019s face reveal,family dinner,day in my life"", ""  A Simple Day Out With My Husband, Beauty & Shopping Vlog,Mom daily routine quiet vlog"", ""Just Us, Little Purchases & Everyday Life| Mom Vlog ,Cute Finds, Skincare & Day in My Life,dailyvlog"", ""New Haircut \ud83d\udc87\ud83c\udffb\u200d\u2640\ufe0f& Resetting My Routine as a New Mom \ud83d\udc69\ud83c\udffb\u200d\ud83c\udf7c\u2728 | A Cozy Day in My Life \u2b50"", ""My Delivery Vlog | Normal or C-Section ,My Real Delivery Experience | The Day My Baby Arrived\u2764\ufe0f"", ""My seemantha; glimse of my seemantham; Seemantham vlog;Baby shower vlog"", ""Baby Shower Shopping Vlog\u2728\ud83e\udd30, Shopping Haul,Saree shopping ,Day in my life,Aesthetic calm vlog "", ""Day in my life,Pregnant Routine ,Early Morning Routine ,Indian vlog,Morning Routine pregnant edition"", ""Morning Routine,Skincare Routine Pregnant Routine,Realistic Indian aesthetic vlog,AM morning routine"", ""Day in my life,Morning to Night routine,Productive routine,Aesthetic daily vlog Indian,planner haul,""]",Not Found,Not Found,Not Found,Not Found,Not Found,Not Found,Not Found,IN,Not Found,2026-09-12T08:47:59Z,86.14,PASS_NO_EMAIL,[],Indian skincare routine,2026-10-01T18:04:40.452064+00:00
UCnvCHWv2FAokyadrUunCkpQ,Ishika Garg,YouTube,https://www.youtube.com/channel/UCnvCHWv2FAokyadrUunCkpQ,9530.0,104562.8,0.0291344655164508,"skincare, makeup, beauty, fashion, hair","skincare, makeup, beauty, fashion, hair","[""Brutally reviewing vitamin c shot for pigmentation \u2728 #glow #wedding #bridalskin #glowingskin"", ""I tried a lip combo that lasts for more than 6 hours #lipstick #makeup #ytshorts #glow"", ""I did manicure at home with press on nails #nailart #ytshorts #pressonnails #glow #fyp"", ""How to get that smooth dewy bas \u2728 #makeup #skincare  #skinprep #bridalmakeup #glow #ytshorts"", ""If you're a 2026 bride, you need to do these for your wedding day #w #indianbride #bridalskin #glow"", ""The setting spray I use for dewy makeup #makeup #glow #dewymakeup #ytshorts #fyp"", ""How to control frizz in curly wavy hair #haircare #indianhair #curlyhair #curlywavyhair #frizzyhair"", ""Hand stacks from Myntra under 1000 #fashion #desibangles #handstack #ytshorts #fyp #budgetbuys"", ""I bought Kbeauty products worth Rs. 30000 #kbeauty #"", ""Bath and body products that make me smell expensive all day #bodycare #indianbrands #glow #ytshors""]",Not Found,Not Found,Not Found,Not Found,Not Found,Not Found,Not Found,Not Found,Not Found,2026-10-01T15:02:51Z,85.39,PASS_NO_EMAIL,[],Indian skincare routine,2026-10-01T18:04:43.575656+00:00
UCuk47vSxLzPn8GgQpiiz2-w,Mansi Gulati - Face Yoga Expert,YouTube,https://www.youtube.com/channel/UCuk47vSxLzPn8GgQpiiz2-w,26900.0,4588.1,0.0266395322856203,"skincare, beauty, hair, style","skincare, beauty, hair, style","[""Why OIL PULLING?"", ""Ozempic Face vs Filler Face vs Botox Face \u2014 \u0915\u094d\u092f\u093e \u092b\u0930\u094d\u0915 \u0939\u0948? "", ""No Razor \ud83e\ude92 \u2014 Only Natural Face-Hair Care!"", ""1 MINUTE FACE MASSAGE EVERY DAY \u2728"", ""30 seconds for your face\u2026 but don\u2019t forget your neck!"", ""Pigmentation sirf skincare ya sunscreen ke baare mein nahi hai "", ""\ud83d\udea8 PIGMENTATION ALERT!"", ""LOOK 5 YEARS YOUNGER \u2014 NATURALLY"", ""Everyone is talking about retinol but do you know what it actually is?"", ""Pigmentation Caption""]",Not Found,Not Found,Not Found,Not Found,Not Found,Not Found,Not Found,IN,Not Found,2026-10-01T03:21:12Z,83.65,PASS_NO_EMAIL,[],Indian skincare routine,2026-10-01T18:04:39.197972+00:00
UClB1ODW_aiHyUNQtgoriTHA,Indian Skin Blog ,YouTube,https://www.youtube.com/channel/UClB1ODW_aiHyUNQtgoriTHA,96400.0,56492.3,0.0266853521641517,"skincare, beauty, hair","skincare, beauty, hair","[""dopamine skincare: my daily habits for healthy, glowing skin"", ""5 Hair Growth Products That Actually Work | Hair Fall & Thinning"", ""Overnight Soaks for Skin, Gut and Hair"", ""5 Shampoos Under \u20b9500 for Dry Hair - Buy Again or Skip?"", ""My Oily Skin LOVES This Cleansing Balm"", ""Wishcare Hair Growth Serum Honest Review"", ""Best hair products to buy from Nykaa: shampoo, mask, conditioner, hair growth serum, leave in"", ""the most expensive serum I own"", ""I tried methi water for hair growth! Hair Density Challenge Episode 4"", ""Best Acne Products in India? I Rated Them Brutally""]",Not Found,Not Found,https://www.instagram.com/indianskinblog/?hl=en,Not Found,Not Found,Not Found,Not Found,IN,Not Found,2026-09-30T16:53:39Z,83.46,PASS_NO_EMAIL,[],Indian skincare routine,2026-10-01T18:04:38.042012+00:00
UCKqXy7_LsImmS-uJSI8jOKw,SONALI ADHIKARI,YouTube,https://www.youtube.com/channel/UCKqXy7_LsImmS-uJSI8jOKw,11700.0,1539.3,0.0267989950129034,"skincare, makeup, beauty, fashion, haul, hair, style, grwm","skincare, makeup, beauty, fashion, haul, hair, style, grwm","[""Small Changes, Healthier Choices\ud83e\udd42\u2728 #cleaneating #healthyhabits #healthylifestyle #youtubeshorts"", ""#ad Dull Skin? Try This Glow Serum \u2728 #lakmeperfectradiancerange @ilovelakme"", ""My Night Skincare Routine When my skin looks dull #beautyshorts #skincareroutine #beautyregime"", ""A Luxury Desert Escape from Jaipur | Khimsar Rajasthan Vlog\u2728\u2728 #luxurytravel #DesertStay #Khimsarvlog"", ""My Go-To DIY for Dull Skin\u2728|Besan + Curd #diyfacemask #glowingskin #faceglow #facecream #cleanskin"", ""Things I do once every month to look put together\ud83e\udd42\u2728 #monthlyroutine #glowup #maintenance #beautytip"", ""You book a luxury hut in the desert \ud83d\uded6\ud83e\udd2f\u2728 #Khimsar #luxurytravel #desertvibes #weekendgetaway"", ""GRWM for Desert Evening #makeup #grwmindesert #shorts"", ""\u2764\ufe0f"", ""Zudio Makeup & Accessories Finds| Budget Beauty Haul\ud83d\udc40\ud83d\udc95 #zudiohaul #zudiomakeup #zudioaccessories""]",Not Found,Not Found,Not Found,Not Found,Not Found,Not Found,Not Found,IN,Not Found,2026-09-22T12:23:37Z,81.76,PASS_NO_EMAIL,[],Indian skincare routine,2026-10-01T18:04:40.070545+00:00
UCI-Mc5a09NOHcn_HrTp3n3g,Himanshi's World! ,YouTube,https://www.youtube.com/channel/UCI-Mc5a09NOHcn_HrTp3n3g,44200.0,27241.0,0.0299083205273965,"skincare, hair, grwm","skincare, hair, grwm","[""After School Routine *Exam Edition | How to do best study in exams #school #exam"", ""EXAM AFTER SCHOOL ROUTINE / 5 must do things #school #exam #afterschool"", ""Perfect Night Routine For School-College #night #school #selfcare"", ""5am Morning Study Routine For School-College #studyvlog #school #morning"", ""Sunday Morning-Night Routine For School-College #sunday #studyvlog"", ""Teenage Skincare Routine \u2018After School\u2019 #skincare #teenage #afterschool"", ""After School Routine For Exam / Study hacks #studyvlog #school #exam"", ""Morning Routine for School-College / 6 must do things #school #morning #skincare"", ""GRWM For *Tution* \ud83d\ude0dAfter School #grwm #shorts #afterschool"", ""Sunday Routine For School-College / 4 must do things #school #sunday #selfcare""]",himanshipoonia041@gmail.com,channel description,Not Found,https://t.me/TobeginSSC,Not Found,Not Found,Not Found,IN,Not Found,2026-09-12T12:30:35Z,81.71,PASS,[],Indian skincare routine,2026-10-01T18:04:40.967067+00:00
UClHOeDiKdXglOXvjEny0pTg,Anahata Organic ,YouTube,https://www.youtube.com/channel/UClHOeDiKdXglOXvjEny0pTg,19400.0,16334.4,0.0212209617867923,"skincare, beauty, hair","skincare, beauty, hair","[""Indian beauty rituals for the win\ud83e\udd70 Try these combos in your selfcare routine!"", ""Wellness Rituals for Family Bonding & Kinship"", ""Making our bestselling Ayurvedic face glow oil\ud83e\udd0d\u2728 #kumkumaditailam"", ""The kumkum paste, a natural adhesive that can help you wear a kumkum bindi\ud83e\udef6\ud83c\udffb"", ""Channel your inner goddess with Anahata\ud83e\udef6\ud83c\udffb\u2764\ufe0f Rituals to make you feel like a Queen!"", ""How cute are these lip balms!!! Unique, natural & celebrating our culture & craftsmanship\ud83c\uddee\ud83c\uddf3"", ""A recipe that spans more than 3 generations of a family\ud83e\udef6\ud83c\udffb Best natural body glow scrub!!"", ""Indian Haircare rituals for the win! Try our natural hair growth products on our website\ud83e\udef6\ud83c\udffb"", ""Our viral Mangalam kumkum set is back in stock. PRE ORDERS open now!!!!!"", ""Sounds of Anahata \ud83e\udd0d\ud83c\udfb5 The most relaxing ASMR from our factory!""]",Not Found,Not Found,Not Found,Not Found,Not Found,Not Found,Not Found,IN,Not Found,2026-09-29T13:21:29Z,79.41,PASS_NO_EMAIL,[],Indian skincare routine,2026-10-01T18:04:41.424311+00:00
UC7UgT9rWvr8W2fYd0rYrLNw,Indian Vlogger Poulami,YouTube,https://www.youtube.com/channel/UC7UgT9rWvr8W2fYd0rYrLNw,43500.0,597.6,0.0203250046479941,"skincare, makeup, beauty, fashion, haul, style","skincare, makeup, beauty, fashion, haul, style","[""Durga Puja Viral Collection | Baby Collar, Jamdani One piece, Jamdani Suit | Srishti Boutique"", ""Srishti Boutique #shorts #youtubeshorts #dress"", ""Baby Collar Jamdani One Piece #shorts #youtubeshorts #fashion"", ""Durga Puja Trending Collections #shorts #youtubeshorts"", ""Anarkali 3 Piece set #shorts #youtubeshorts"", ""Jamdani One piece #shorts #youtubeshorts"", ""Durga Puja Collection #shorts #youtubeshorts"", ""\u0986\u099c\u0995\u09c7 \u09ae\u09c7\u09df\u09c7\u09a6\u09c7\u09b0 \u09aa\u099b\u09a8\u09cd\u09a6\u09c7\u09b0 \u0995\u09bf\u099b\u09c1 Beauty product shopping haul share \u0995\u09b0\u09b2\u09be\u09ae \u2764\ufe0f"", ""5 Most Beauty necessary products \u09af\u09c7\u099f\u09be \u0986\u09ae\u09be\u09a6\u09c7\u09b0 \u09ae\u09c7\u09df\u09c7\u09a6\u09c7\u09b0 \u09b8\u09ac \u09b8\u09ae\u09df \u0995\u09be\u099c\u09c7 \u09b2\u09be\u0997\u09c7 "", ""Puja Trending Collection | Booking 9874214238 #shorts #youtubeshorts""]",poulamimodak6@gmail.com,channel description,Not Found,Not Found,Not Found,Not Found,Not Found,IN,en,2026-09-27T06:35:34Z,78.34,PASS,[],Indian skincare routine,2026-10-01T18:04:40.070545+00:00
UCwWSMrbVeF6KevmQdTIfkXQ,Sivayazhini Thangavel,YouTube,https://www.youtube.com/channel/UCwWSMrbVeF6KevmQdTIfkXQ,35500.0,53386.1,0.0196798419965592,"skincare, beauty, style","skincare, beauty, style","[""\ud83c\udfadSkincare after a long time & it turned out 2 b- CHEF\u2019s KISS\ud83d\udc8b #SkinCycling #GlowingSkin #DIYFacial"", ""\ud83c\udfadSkincare again bcoz its my armor! #browngirl #skincare #glowingskin"", ""Krishna Jenmastami\ud83e\udd9a. My little Kanha\ud83e\udd70\ud83e\ude88 #motherhoodjourney #browngirl #lifestyle #softlife #mom"", ""\u27a1\ufe0fSoft launching AATHVI to the world\u2665\ufe0f #lifestylecreatorindia #browngirl #motherhoodjourney"", ""\ud83e\udec2 self loved woman, got married , had baby.. OMGGG ! Riding on high level of love\u2665\ufe0f #mom # #mybaby"", ""\ud83e\udd37\ud83c\udffb\u200d\u2640\ufe0f comment said, \u201c i\u2019m lazy without posting\u201d, but I am in postpartum.\ud83e\udd79 #comeback #softlife"", ""\u2705From growing a baby to growing my career again \u2764\ufe0f #mom #maternity #postpartum #motherhoodcommunity"", ""\u27a1\ufe0fA simple 5 min pause for healthy daily reset!\u2705 #browngirl #newmom #maternalwellness"", ""\ud83d\udc68\u200d\ud83e\uddb2Macha\u2019s \u0baa\u0bb4\u0ba9\u0bbf \u0bae\u0bc1\u0bb0\u0bc1\u0b95\u0ba9\u0bcd \u0bae\u0bca\u0b9f\u0bcd\u0b9f\u0bc8 for Thangamayilu \ud83d\udc23 #browngirl #mom #couple"", ""\ud83d\udc9bSivaathvi Anbarasu \u2665\ufe0f- story in Caption #browngirl #softlifeindia #mom #namingceremony""]",sivayazhini@bluboxtalents.com,channel description,Not Found,Not Found,Not Found,Not Found,Not Found,Not Found,Not Found,2026-09-25T11:14:17Z,77.44,PASS,[],Indian skincare routine,2026-10-01T18:04:43.575656+00:00
UCGQybUs7AFZCC2AFTV02RiQ,Neelam Kothari,YouTube,https://www.youtube.com/channel/UCGQybUs7AFZCC2AFTV02RiQ,78100.0,40843.7,0.0177489198982342,"fashion, style","fashion, style","[""Come With Me To Mussoorie! Digital Detox With Seema, Massages & 100% Relaxation At Six Senses Vana!"", ""Seema Ne Phir Tod Di Instructions.. No Body Cream Bola Tha! @NeelamKothari #shorts"", ""Pole Dance Karne Gayi Thi.. Par Haalat Kharab Ho Gayi! @NeelamKothari #shorts"", ""Pole Dance Mein Bas Dekhna Easy Tha.. Karna Nahi! @NeelamKothari #shorts"", ""Pole Dancing Ka Pehla Experience! Mera & Seema Ki Hawa Tight \ud83d\ude02@NeelamKothari #shorts"", ""Pole Dancing Ke Pehle Step Mein Hi Haalat Kharab! \ud83d\ude02 @NeelamKothari #shorts"", ""Ek Simple Pole Move Bana Sabse Mushkil! The Seema & Neelam Show \ud83d\ude02@NeelamKothari #shorts"", ""Seema Ke Saath Pole Dancing! Bones Cracked, Our Spirit Didn't! The Seema & Neelam Show!"", ""The Seema & Neelam Show Is Coming! Tomorrow At 2 PM! Tuesdays Just Got More Fun! #shorts"", ""Bathroom No. 4 Is Finally Taking Shape! | #shorts @NeelamKothari""]",neelam.kothari@qyuki.com,channel description,https://www.instagram.com/neelamkotharisoni/,https://www.facebook.com/neelamkotharisoni999/,Not Found,Not Found,Not Found,IN,Not Found,2026-10-01T07:45:15Z,77.42,PASS,[],Indian skincare routine,2026-10-01T18:04:42.066322+00:00
UCFEMAcAPYaZiow2nbvoaP7g,Makeup & Skincare Lab,YouTube,https://www.youtube.com/channel/UCFEMAcAPYaZiow2nbvoaP7g,31700.0,1527.4,0.0211815255659667,"skincare, makeup, beauty, fashion, outfit, haul, hair, style, grwm","skincare, makeup, beauty, fashion, outfit, haul, hair, style, grwm","[""GRWM for a Coffee Date \u2615\ud83d\udc95 | Simple & Cute Look"", ""best cream for acne prone skin #skincare"", ""Caresmith Trimmer Review \u2728 Salon Like Results at Home? \ud83d\ude0d #Shorts"", ""microfiber towel for hair #hair"", ""skincare"", ""hair detangler brush #hair"", ""comeback \ud83d\ude4c #motivation"", ""best hair mask for hair #hair"", ""om namah shivaya"", ""comment for link \ud83d\udd87\ufe0f These Meesho finds are too good for the price""]",Not Found,Not Found,Not Found,Not Found,Not Found,Not Found,Not Found,IN,Not Found,2026-09-13T16:45:09Z,75.83,PASS_NO_EMAIL,[],Indian skincare routine,2026-10-01T18:04:38.042012+00:00
UCyMlZgJMyqq8dZ4KYK0TqUA,Ana Tamang,YouTube,https://www.youtube.com/channel/UCyMlZgJMyqq8dZ4KYK0TqUA,94900.0,2600240.8,0.0185021861975226,"skincare, makeup, beauty, fashion, outfit, hair, style","skincare, makeup, beauty, fashion, outfit, hair, style","[""#ad What's Inside a Cushion Foundation's Mesh? | Maybelline"", ""My dark spots actually look faded Definitely one of the serums I\u2019ve genuinely enjoyed using \u2728"", ""No one told me this\u2026 but Kesh King Gold Anti-Hairfall Shampoo is my favourite for hairfall  \u2728"", ""My Everyday Essentials Ran Out at the WORST Time \ud83d\ude2d | Flipkart Minutes"", ""Stop Chasing Squeaky Clean Skin | CeraVe"", ""Dark spots don't disappear on their own they need the right ingredients. \u2728 @PHDBeautyIndia"", ""Shaving finally feels like selfcare. \ud83e\udd0d"", ""My Living alone journey begins \ud83d\udc95"", "" A Birthday I\u2019ll Never Forget \ud83d\udc94\ud83e\udd7a | Birthday Vlog  | Ana Tamang "", ""Oily Scalp + Dry Ends? Here\u2019s What Actually Works""]",Not Found,Not Found,https://www.instagram.com/ana_tamang_?igshid=MTNiYzNiMzkwZA%3D%3D&utm_source=qr,https://www.wishlink.com/anatamang,Not Found,Not Found,Not Found,Not Found,Not Found,2026-09-17T12:28:10Z,74.84,PASS_NO_EMAIL,[],Indian skincare routine,2026-10-01T18:04:43.575656+00:00
UCwVsXc29pRgWegWXiqrJ6KA,Skincare & Beauty with Anay,YouTube,https://www.youtube.com/channel/UCwVsXc29pRgWegWXiqrJ6KA,82700.0,503337.4,0.0124546652985738,"skincare, makeup","skincare, makeup","[""Korean Eye cream for dark Circles removal #skincare #viral #fyp #shorts #explore #koreanskincare"", ""celimax retinal + dralthea 345 cream #skincare #viral #shorts #fyp #explore"", ""Best serum for Dark neck treatment and pigmentation removal #pigmentation #shorts  #skincare #viral"", ""\u20b9699/- Retinal shot by Wishcare #retinal #viral #skincare #glowingskin #shorts #fyp #explore"", ""Result of using celimax retinal shot + dralthea 345 cream together #skincare #retinal #viral #shorts"", ""Best Retinal combination you need \u2705#retinal #viral #skincare #glowingskin #koreanskincare #shorts"", ""Best Korean skincare products you need #skincare #koreanskincare #viral #glowingskin #fyp #shorts"", ""You don't need BOTOX \u274c, If you use Celimax retinal shot \u2705 #skincare #retinol #shorts #viral #explore"", ""Arencia vitamin c booster shot for tan removal #skincare #viral #tanremoval #bodycare #shorts #fyp"", ""underarm pigmentation removal cream arencia vitamin c booster shot #darkunderarms #skincare #viral""]",Not Found,Not Found,Not Found,Not Found,Not Found,Not Found,Not Found,Not Found,Not Found,2026-09-29T12:51:29Z,73.27,PASS_NO_EMAIL,[],Indian skincare routine,2026-10-01T18:04:43.575656+00:00
UC8Ms51aTx1zA0exmu1mR8ng,Sone Kanwar,YouTube,https://www.youtube.com/channel/UC8Ms51aTx1zA0exmu1mR8ng,28700.0,1302061.6,0.011102091775865,"skincare, beauty, hair","skincare, beauty, hair","[""BTS of Yashi with her bridesmaid, she put so much effort and made each of us feel special\ud83e\uddff\u267e\ufe0f"", ""Miku is the sweetest and Yashi has the most creative brilliant ideas\u2026!\ud83e\uddff\ud83c\udf3b"", ""Special memory from Suraj and Yashi engagement \ud83e\uddff"", ""Best Pharmacy face washes for oily skin , dey skin and sensitive skin #shorts"", ""Diy hair mask for frizzy hair- makes hair soft and shiny #haircare"", ""Bridal Bouquet toss at Suraj and Yashi\u2019s engagement \ud83e\uddff\u267e\ufe0f"", ""Suraj and Yashi got engaged, Suyash forever\ud83e\uddff\u267e\ufe0f"", ""Different types of Pigmentation and which serum to use for dark spots, acne marks, melasma #shorts"", ""Unsure when to use Glycolic Acid vs. Salicylic Acid? Here is exact breakdown  skincare routine \ud83d\udc47"", ""Important blood tests for hair and skin issues #shorts""]",Not Found,Not Found,Not Found,Not Found,Not Found,Not Found,Not Found,IN,Not Found,2026-09-28T19:28:49Z,72.33,PASS_NO_EMAIL,[],Indian skincare routine,2026-10-01T18:04:38.394591+00:00
UChQ1w527zgpoX-SVl1VFL0w,Saumya,YouTube,https://www.youtube.com/channel/UChQ1w527zgpoX-SVl1VFL0w,11500.0,6386.7,0.0122596469854923,"skincare, makeup, beauty, hair, cosmetics","skincare, makeup, beauty, hair, cosmetics","[""Best combo for oily acne prone skin# #skincare #oilyskin"", ""28 days skin challenge? Accepted! #darkspots #pigmentation #asaya"", ""You\u2019ll never stink, or have bad odour once you start using this mist\u2728#underarmcare #darkunderarms"", ""Summers are ewww but I\u2019ll make an exception for these summer essentials\ud83e\udef6\ud83c\udffb\ud83e\udd79 #ad"", ""#ad SPF isn\u2019t optional, it\u2019s essential \ud83c\udf1e"", ""Smell expensive under 1k? Well yes that\u2019s possible!\ud83e\udd0d\u2728#smellgood #perfumereview #vanilla #under1000"", ""Skincare meets makeup with @SwissBeautyCosmetics mousse highlighters \u2728\ud83e\udef6\ud83c\udffb #affordableproducts"", ""I don\u2019t even feel that I\u2019m wearing a lipstick!\ud83e\udee3#lipstick #affordableproducts #browngirl"", ""Bare anatomy vs pilgrim hair growth serum\ud83d\ude4c\ud83c\udffb #hairgrowth #transformation"", ""#nonsponsered I have willingly spent money on this brand again & again & again #kp #winterbodycare""]",Not Found,Not Found,Not Found,Not Found,Not Found,Not Found,Not Found,Not Found,Not Found,2026-09-25T15:32:00Z,72.25,PASS_NO_EMAIL,[],Indian skincare routine,2026-10-01T18:04:43.575656+00:00
UCiYc6UhR_5rQ3_Y4tl5mm4A,Bharti Narang,YouTube,https://www.youtube.com/channel/UCiYc6UhR_5rQ3_Y4tl5mm4A,17400.0,3442.2,0.023248794300705,"skincare, makeup, beauty, hair","skincare, makeup, beauty, hair","[""How Founders Should Plan Their Instagram Content | 7-Day Content Plan for D2C Founders | IG Calendar"", ""Marketing Work Trip to Goa \ud83c\udf34 | Airbnb Tour, Agency Life & Founder Vlog | Ep. 01 | Goa Trip Vlog"", ""Phuket Work Trip Vlog - 01 | A Day in the Life of a Marketing Agency Owner | Bharti Narang"", ""Uber for Teens is now live in India | What is Uber for Teens? | Uber cab experience in India"", ""Morning routine of a 30 year old | 2025 Morning routine | Slow Living in Goa | Slow Morning Routine\u2728"", ""A shoot day at home in Goa | A productive day at home | Working from Goa | B-rolls, yoga, food, etc!"", ""Kada Prasad Recipe | Vikas Khanna Kada Prasad Recipe | Kada Prasad Kaise Banaye? #kadaprasad"", ""Living in Goa Vlog | A day in my Life vlog | Indian Couple living in Goa | 1st Vlog after Marriage"", ""Truth about running a Branding & Marketing Agency | Building my Branding & Marketing Agency \u2728"", ""Quarry in Goa | Natural Swimming Pool in Goa | Goa beyond Beaches | Things to do in Goa for Free \ud83c\udf34""]",Not Found,Not Found,Not Found,Not Found,Not Found,Not Found,Not Found,IN,Not Found,2026-08-06T16:09:36Z,68.83,PASS_NO_EMAIL,[],Indian skincare routine,2026-10-01T18:04:40.967067+00:00
UCk9jTMVlPPZ0MyePgW5BzDQ,Harshita Dave,YouTube,https://www.youtube.com/channel/UCk9jTMVlPPZ0MyePgW5BzDQ,77000.0,29900.0,0.0105480310421358,"skincare, makeup, beauty, fashion, haul","skincare, makeup, beauty, fashion, haul","[""Adult acne is so hard to deal with \ud83d\ude2d #shortsaday #acne #clearskin #relatable #trending #acnejourney"", ""Spend a day with me on the sets of Crime Patrol \ud83c\udfac #minivlog  #shootlife #crimepatrol #actor"", ""Is BTS Jungkook following me? \ud83e\udee3\ud83d\udc40\ud83d\ude0d #shortsaday #btsjungkook #btsarmy #relatable #funny #bts"", ""People with acne can relate \ud83e\udd72 #shortsaday #acne #acneskin #relatable #acneproneskin #pimplepatch"", ""Nykaa Sale Haul \ud83d\udc40\ud83d\udecd\ufe0f #shortsaday #nykaahaul #tirahaul #beautyhaul #nykaasale #makeuphaul"", ""Tira & Nykaa Sale Haul \ud83d\udc40\ud83d\udecd\ufe0f\ud83e\udd11 #shortsaday #tirahaul #nykaahaul #beautyhaul #skincare #kbeauty"", ""My Health Update! I need to talk about this #shortsaday #healthupdate #hyperthyroidism #anemia"", ""STORYTIME: Our New House Was A NIGHTMARE. We Took Legal Action"", ""Our SOCIETY ran out of WATER \ud83d\ude2d | First Airbnb Experience + Honest Review"", ""People who get it, get it! #shortsaday #acnejourney #acneproneskin #relatable #acnefighter #acne""]",Not Found,Not Found,Not Found,Not Found,Not Found,Not Found,Not Found,Not Found,Not Found,2026-09-14T07:30:22Z,68.61,PASS_NO_EMAIL,[],Indian skincare routine,2026-10-01T18:04:43.575656+00:00
